index,ticker,timestamp,open,high,low,close,volume
128.0,ABBV,2023-10-16,148.47,150.4,145.355,147.23,42906921
127.0,ABBV,2023-09-29,147.36,154.88,143.74,149.06,85059957
126.0,ABBV,2023-08-31,150.0,153.6,145.94,146.96,89768321
125.0,ABBV,2023-07-31,134.0,151.76,132.7,149.58,119863991
124.0,ABBV,2023-06-30,135.26,139.67,130.9601,134.73,135189166
123.0,ABBV,2023-05-31,150.84,155.02,135.25,137.96,120201771
122.0,ABBV,2023-04-28,158.25,166.2,147.16,151.12,98825274
121.0,ABBV,2023-03-31,152.76,159.7,146.575,159.37,153989811
120.0,ABBV,2023-02-28,146.63,154.745,143.44,153.9,119527203
119.0,ABBV,2023-01-31,162.04,168.11,144.41,147.75,119769796
118.0,ABBV,2022-12-30,161.0,167.75,159.82,161.61,102509521
117.0,ABBV,2022-11-30,146.66,161.18,143.03,161.18,113847877
116.0,ABBV,2022-10-31,135.88,153.99,135.3058,146.4,114547120
115.0,ABBV,2022-09-30,134.64,145.54,134.09,134.21,125265425
114.0,ABBV,2022-08-31,141.51,143.98,134.17,134.46,109508278
113.0,ABBV,2022-07-29,153.08,155.25,139.05,143.51,116519638
112.0,ABBV,2022-06-30,147.79,156.62,135.76,153.16,132594299
111.0,ABBV,2022-05-31,146.65,156.89,143.44,147.37,143481531
110.0,ABBV,2022-04-29,162.15,175.91,139.93,146.88,178745398
109.0,ABBV,2022-03-31,147.67,164.659,146.21,162.11,150829420
108.0,ABBV,2022-02-28,137.37,150.36,133.05,147.77,164140888
107.0,ABBV,2022-01-31,135.41,138.3,128.26,136.89,168301644
106.0,ABBV,2021-12-31,115.78,136.83,115.6,135.4,149689413
105.0,ABBV,2021-11-30,115.25,119.33,113.57,115.28,110962762
104.0,ABBV,2021-10-29,108.25,114.92,106.86,114.67,137405538
103.0,ABBV,2021-09-30,121.0,121.53,105.56,107.87,210525485
102.0,ABBV,2021-08-31,116.89,121.4,112.92,120.78,119733215
101.0,ABBV,2021-07-30,112.95,119.15,112.89,116.3,120210275
100.0,ABBV,2021-06-30,113.7,116.99,110.65,112.64,125324817
99.0,ABBV,2021-05-28,112.4,118.28,111.59,113.2,151432684
98.0,ABBV,2021-04-30,108.92,112.61,104.17,111.5,134588899
97.0,ABBV,2021-03-31,108.53,111.08,102.05,108.22,168030371
96.0,ABBV,2021-02-26,103.0,110.27,101.86,107.74,141831911
95.0,ABBV,2021-01-29,107.18,113.41,101.8117,102.48,147712852
94.0,ABBV,2020-12-31,105.05,109.15,101.5478,107.15,142797150
93.0,ABBV,2020-11-30,86.03,105.8,86.0,104.58,202165468
92.0,ABBV,2020-10-30,88.17,88.8,79.1101,85.1,171550035
91.0,ABBV,2020-09-30,95.52,95.92,85.32,87.59,165933331
90.0,ABBV,2020-08-31,95.19,97.42,91.78,95.77,135946804
89.0,ABBV,2020-07-31,98.5,101.28,93.55,94.91,142070249
88.0,ABBV,2020-06-30,92.05,99.35,89.6,98.18,187430663
87.0,ABBV,2020-05-29,81.95,93.66,80.5,92.67,272446683
86.0,ABBV,2020-04-30,72.12,85.97,71.43,82.2,204672429
85.0,ABBV,2020-03-31,86.0,91.86,62.55,76.19,368052041
84.0,ABBV,2020-02-28,81.31,97.86,80.92,85.71,204643938
83.0,ABBV,2020-01-31,89.08,90.29,80.41,81.02,191549416
82.0,ABBV,2019-12-31,87.84,91.99,85.59,88.54,141829998
81.0,ABBV,2019-11-29,80.03,90.41,79.13,87.73,162856799
80.0,ABBV,2019-10-31,75.89,79.79,71.57,79.55,165129444
79.0,ABBV,2019-09-30,65.78,76.44,64.44,75.72,167829742
78.0,ABBV,2019-08-30,66.93,68.46,62.66,65.74,190272201
77.0,ABBV,2019-07-31,73.5,74.97,65.63,66.62,245440413
76.0,ABBV,2019-06-28,76.63,79.34,65.06,72.72,258341384
75.0,ABBV,2019-05-31,79.6,81.75,75.62,76.71,101085914
74.0,ABBV,2019-04-30,80.98,84.73,76.81,79.39,127086596
73.0,ABBV,2019-03-29,79.77,81.99,77.09,80.59,128127680
72.0,ABBV,2019-02-28,80.25,81.7,77.52,79.24,108610842
71.0,ABBV,2019-01-31,91.24,92.3,75.77,80.29,181094702
70.0,ABBV,2018-12-31,94.32,94.98,82.41,92.19,125818347
69.0,ABBV,2018-11-30,77.71,94.27,77.5,94.27,162382805
68.0,ABBV,2018-10-31,94.74,96.6,77.74,77.85,138287641
67.0,ABBV,2018-09-28,95.97,96.4,90.4,94.58,98561247
66.0,ABBV,2018-08-31,92.29,100.23,92.28,95.98,111960508
65.0,ABBV,2018-07-31,92.06,98.95,86.76,92.23,145194414
64.0,ABBV,2018-06-29,97.93,101.08,90.81,92.65,161878296
63.0,ABBV,2018-05-31,102.1,107.25,98.5,98.94,243029478
62.0,ABBV,2018-04-30,94.0,99.42,88.22,96.55,139836727
61.0,ABBV,2018-03-29,115.91,121.45,91.12,94.65,164890242
60.0,ABBV,2018-02-28,112.24,122.0,101.0,115.83,136960541
59.0,ABBV,2018-01-31,97.14,125.86,96.75,112.22,140712023
58.0,ABBV,2017-12-29,97.19,99.1,92.9,96.71,83433841
57.0,ABBV,2017-11-30,90.78,97.53,90.19,96.92,99591695
56.0,ABBV,2017-10-31,89.74,98.26,85.24,90.25,134875020
55.0,ABBV,2017-09-29,75.59,90.95,74.73,88.86,190163376
54.0,ABBV,2017-08-31,70.03,75.4,69.47,75.3,97289161
53.0,ABBV,2017-07-31,72.76,75.04,69.38,69.91,97993936
52.0,ABBV,2017-06-30,66.255,73.67,66.12,72.51,129951733
51.0,ABBV,2017-05-31,66.0,67.4,64.61,66.02,122414187
50.0,ABBV,2017-04-28,65.24,67.5,63.1153,65.94,103181206
49.0,ABBV,2017-03-31,62.16,66.79,61.95,65.16,143065659
48.0,ABBV,2017-02-28,61.07,62.4,60.05,61.84,126886059
47.0,ABBV,2017-01-31,62.92,64.5,59.27,61.11,156332934
46.0,ABBV,2016-12-30,60.83,63.33,58.75,62.62,149402248
45.0,ABBV,2016-11-30,56.0,65.05,55.68,60.8,195493786
44.0,ABBV,2016-10-31,63.02,63.75,55.0623,55.78,133963726
43.0,ABBV,2016-09-30,64.1,65.33,62.45,63.07,137679158
42.0,ABBV,2016-08-31,66.23,68.1239,63.5,64.1,150348235
41.0,ABBV,2016-07-29,61.98,66.4,61.77,66.23,153738770
40.0,ABBV,2016-06-30,62.9,65.37,58.329,61.91,211643211
39.0,ABBV,2016-05-31,60.79,63.87,58.5,62.93,206072595
38.0,ABBV,2016-04-29,56.58,62.1,56.36,61.0,140372529
37.0,ABBV,2016-03-31,54.78,57.87,54.24,57.12,140975748
36.0,ABBV,2016-02-29,54.16,57.31,51.6,54.61,183326177
35.0,ABBV,2016-01-29,58.06,59.81,50.71,54.9,217448415
34.0,ABBV,2015-12-31,58.23,60.12,53.24,59.24,160563343
33.0,ABBV,2015-11-30,61.6,64.3,57.9601,58.15,157989326
32.0,ABBV,2015-10-30,54.68,60.73,45.45,59.55,267028489
31.0,ABBV,2015-09-30,61.33,62.28,51.88,54.41,241006805
30.0,ABBV,2015-08-31,70.19,70.79,53.87,62.41,221506155
29.0,ABBV,2015-07-31,67.9,71.6,67.32,70.01,181337781
28.0,ABBV,2015-06-30,66.8,70.75,66.1,67.19,211499136
27.0,ABBV,2015-05-29,65.09,67.99,63.4,66.59,219974354
26.0,ABBV,2015-04-30,58.48,66.66,56.33,64.66,261299822
25.0,ABBV,2015-03-31,60.3,61.73,54.78,58.54,293327180
24.0,ABBV,2015-02-27,61.49,61.9,55.18,60.5,258894328
23.0,ABBV,2015-01-30,65.62,68.29,60.12,60.35,167896336
22.0,ABBV,2014-12-31,69.08,70.76,64.02,65.44,157658512
21.0,ABBV,2014-11-28,63.66,69.48,61.31,69.2,121409781
20.0,ABBV,2014-10-31,57.93,63.99,52.06,63.46,466041542
19.0,ABBV,2014-09-30,55.43,60.02,54.83,57.76,240252876
18.0,ABBV,2014-08-29,52.03,55.94,51.37,55.28,213154600
17.0,ABBV,2014-07-31,56.42,58.27,51.82,52.34,325939300
16.0,ABBV,2014-06-30,54.43,56.9,52.29,56.44,122883700
15.0,ABBV,2014-05-30,51.89,54.61,50.31,54.33,92470200
14.0,ABBV,2014-04-30,51.62,54.44,45.5,52.08,154855500
13.0,ABBV,2014-03-31,50.34,54.73,49.79,51.4,122225700
12.0,ABBV,2014-02-28,49.4,52.11,46.95,50.91,120695900
11.0,ABBV,2014-01-31,52.12,52.7,46.42,49.23,163880000
10.0,ABBV,2013-12-31,48.49,54.78,48.02,52.81,142934200
9.0,ABBV,2013-11-29,48.64,49.96,46.83,48.45,88611100
8.0,ABBV,2013-10-31,44.81,50.2,44.32,48.45,117974800
7.0,ABBV,2013-09-30,43.0,48.42,42.31,44.73,95067300
6.0,ABBV,2013-08-30,45.14,45.9,42.25,42.61,78325100
5.0,ABBV,2013-07-31,41.4,45.91,41.07,45.48,85701800
4.0,ABBV,2013-06-28,42.88,44.47,40.1,41.34,107872600
3.0,ABBV,2013-05-31,45.74,48.0,42.6825,42.69,119566400
2.0,ABBV,2013-04-30,39.96,46.32,39.96,46.05,176083000
1.0,ABBV,2013-03-28,36.8,40.8,36.551,40.78,122236200
0.0,ABBV,2013-02-28,36.84,39.13,35.01,36.92,151690500
,BMY,1999-12-31,72.63,74.56,59.94,64.19,91559200
,BMY,2000-01-31,64.25,69.5,58.0,66.25,122594400
,BMY,2000-02-29,64.25,65.56,55.38,57.25,88705900
,BMY,2000-03-31,56.69,60.25,42.44,57.13,221494100
,BMY,2000-04-28,59.63,67.63,46.0,52.44,222314500
,BMY,2000-05-31,52.44,58.5,50.75,56.13,103665000
,BMY,2000-06-30,54.75,58.35,50.38,58.25,117443100
,BMY,2000-07-31,58.25,59.44,47.75,51.63,118321500
,BMY,2000-08-31,49.75,56.44,49.75,53.02,110010300
,BMY,2000-09-29,53.88,59.44,49.94,57.5,110679900
,BMY,2000-10-31,57.25,64.88,55.25,60.94,102457100
,BMY,2000-11-30,61.88,73.25,60.0,69.31,107630600
,BMY,2000-12-29,69.31,74.88,65.25,73.94,95546000
,BMY,2001-01-31,73.0,73.5,60.1,61.89,143469200
,BMY,2001-02-28,61.5,65.9,60.6,63.41,82243200
,BMY,2001-03-30,63.4,64.5,50.8,59.4,117413400
,BMY,2001-04-30,58.75,59.85,54.5,56.0,104371100
,BMY,2001-05-31,56.45,57.52,51.93,54.24,136377400
,BMY,2001-06-29,55.2,58.12,51.6,52.3,106724200
,BMY,2001-07-31,52.85,59.9,51.6,59.14,103617100
,BMY,2001-08-31,59.2,59.9,55.0,56.14,85503400
,BMY,2001-09-28,56.5,60.0,50.25,55.56,106429600
,BMY,2001-10-31,56.0,59.95,53.03,53.45,118141200
,BMY,2001-11-30,54.0,57.0,52.4,53.76,111611700
,BMY,2001-12-31,54.17,56.0,48.5,51.0,152455000
,BMY,2002-01-31,50.47,51.95,40.0,45.37,166472400
,BMY,2002-02-28,45.23,47.75,42.0,47.0,116549800
,BMY,2002-03-28,47.0,51.2,39.15,40.49,213142400
,BMY,2002-04-30,40.49,40.49,28.5,28.8,336614600
,BMY,2002-05-31,28.65,31.7,28.0,31.12,173397900
,BMY,2002-06-28,30.5,30.5,24.51,25.7,179061300
,BMY,2002-07-31,25.9,26.09,19.49,23.43,250599900
,BMY,2002-08-30,23.4,26.5,21.7,24.95,153022200
,BMY,2002-09-30,24.95,26.48,23.45,23.8,116023500
,BMY,2002-10-31,24.1,25.19,20.74,24.61,160463400
,BMY,2002-11-29,24.7,27.37,23.59,26.5,140889100
,BMY,2002-12-31,26.8,28.25,22.82,23.15,185642900
,BMY,2003-01-31,23.16,26.01,22.9,23.59,140301600
,BMY,2003-02-28,23.79,24.18,21.55,23.3,105986800
,BMY,2003-03-31,23.8,23.94,21.0,21.13,140518800
,BMY,2003-04-30,21.32,25.77,21.3,25.54,131846300
,BMY,2003-05-30,25.53,26.68,23.0,25.6,139150800
,BMY,2003-06-30,27.15,29.21,25.5,27.15,137284200
,BMY,2003-07-31,27.1,27.67,25.28,26.2,116246400
,BMY,2003-08-29,26.3,26.67,24.4,25.37,104505100
,BMY,2003-09-30,25.5,27.95,25.1,25.66,116795500
,BMY,2003-10-31,25.41,26.5,24.22,25.37,139879400
,BMY,2003-11-28,25.44,26.95,24.12,26.35,108852600
,BMY,2003-12-31,26.5,28.86,25.75,28.6,116201500
,BMY,2004-01-30,28.9,30.74,27.9,28.05,173080900
,BMY,2004-02-27,28.05,31.3,27.29,27.82,146410900
,BMY,2004-03-31,27.82,28.37,23.72,24.23,178437700
,BMY,2004-04-30,24.17,25.68,23.9,25.1,154530400
,BMY,2004-05-28,25.4,26.42,24.73,25.27,105220600
,BMY,2004-06-30,25.24,26.1,24.41,24.5,100106800
,BMY,2004-07-30,24.46,24.51,22.22,22.9,119762500
,BMY,2004-08-31,23.09,24.26,22.41,23.73,97113400
,BMY,2004-09-30,23.74,24.72,23.39,23.67,97075500
,BMY,2004-10-29,23.82,24.53,22.79,23.43,115681400
,BMY,2004-11-30,23.73,24.44,22.75,23.5,119066100
,BMY,2004-12-31,23.51,25.88,23.44,25.62,139029800
,BMY,2005-01-31,25.57,25.67,23.25,23.44,122292400
,BMY,2005-02-28,23.5,25.19,23.32,25.03,97775800
,BMY,2005-03-31,25.84,26.0,23.96,25.46,125589500
,BMY,2005-04-29,25.5,26.56,24.82,26.0,122863000
,BMY,2005-05-31,26.18,26.6,25.03,25.36,91731700
,BMY,2005-06-30,25.36,25.8,24.71,24.98,100064700
,BMY,2005-07-29,25.28,25.47,24.48,24.98,85218100
,BMY,2005-08-31,25.13,25.23,23.8,24.47,103134400
,BMY,2005-09-30,24.47,25.49,23.9,24.06,121872300
,BMY,2005-10-31,23.97,24.2,20.7,21.17,178005000
,BMY,2005-11-30,21.17,22.46,20.9,21.59,161765300
,BMY,2005-12-30,21.74,23.77,21.13,22.98,173449900
,BMY,2006-01-31,23.25,23.27,21.21,22.79,230246000
,BMY,2006-02-28,22.79,23.44,22.18,23.1,158227700
,BMY,2006-03-31,23.0,25.95,22.53,24.61,207932300
,BMY,2006-04-28,24.75,25.55,23.9,25.38,128718500
,BMY,2006-05-31,25.53,25.55,23.21,24.55,124455500
,BMY,2006-06-30,24.55,25.97,24.48,25.86,151832000
,BMY,2006-07-31,25.86,26.14,23.72,23.97,160441200
,BMY,2006-08-31,23.98,23.98,20.08,21.75,393361200
,BMY,2006-09-29,22.88,25.24,22.25,24.92,240339200
,BMY,2006-10-31,25.03,25.03,23.93,24.75,156690000
,BMY,2006-11-30,24.89,25.16,23.95,24.83,140847000
,BMY,2006-12-29,24.87,26.41,24.6,26.32,127193100
,BMY,2007-01-31,26.43,29.39,25.73,28.79,213827900
,BMY,2007-02-28,28.9,29.33,25.89,26.38,169248000
,BMY,2007-03-30,26.25,28.1,26.0,27.76,200263300
,BMY,2007-04-30,27.78,30.31,27.0,28.86,192595400
,BMY,2007-05-31,29.17,30.5,28.6,30.31,208550100
,BMY,2007-06-29,30.24,32.25,28.59,31.56,277117400
,BMY,2007-07-31,31.81,32.35,28.16,28.41,235700900
,BMY,2007-08-31,28.01,29.99,26.38,29.15,281100800
,BMY,2007-09-28,28.7,29.33,27.42,28.82,188718900
,BMY,2007-10-31,29.01,30.35,27.9,29.99,256617700
,BMY,2007-11-30,29.9,30.23,27.34,29.63,270704700
,BMY,2007-12-31,29.43,29.64,26.5184,26.52,220999200
,BMY,2008-01-31,26.31,27.37,21.75,23.02,474780800
,BMY,2008-02-29,23.4,24.19,21.98,22.61,260030300
,BMY,2008-03-31,22.48,22.65,20.05,21.3,289778900
,BMY,2008-04-30,21.63,22.55,21.15,21.97,266229400
,BMY,2008-05-30,21.98,23.6,21.45,22.79,281277500
,BMY,2008-06-30,22.75,22.75,19.43,20.53,298809900
,BMY,2008-07-31,20.34,22.93,20.29,21.12,338243200
,BMY,2008-08-29,21.16,22.58,21.01,21.34,211841200
,BMY,2008-09-30,21.37,22.63,19.7,20.85,307847000
,BMY,2008-10-31,20.61,21.25,16.0,20.55,490110000
,BMY,2008-11-28,20.7,21.77,18.06,20.7,334296900
,BMY,2008-12-31,20.43,23.82,19.29,23.25,426235200
,BMY,2009-01-30,23.25,23.98,21.25,21.41,341233700
,BMY,2009-02-27,21.5,23.78,18.38,18.41,305504300
,BMY,2009-03-31,18.08,22.18,17.23,21.92,407161900
,BMY,2009-04-30,21.48,22.32,18.83,19.2,316394800
,BMY,2009-05-29,19.46,20.91,19.05,19.92,235316200
,BMY,2009-06-30,20.1,21.12,19.12,20.31,299565500
,BMY,2009-07-31,20.14,21.97,19.19,21.74,301175800
,BMY,2009-08-31,22.07,23.28,21.49,22.13,227840500
,BMY,2009-09-30,22.03,23.07,21.54,22.52,205279700
,BMY,2009-10-30,22.51,23.28,21.76,21.8,215579900
,BMY,2009-11-30,21.87,25.62,21.67,25.31,342945611
,BMY,2009-12-31,25.39,26.62,24.55,25.25,948176700
,BMY,2010-01-29,25.41,26.0,23.5,24.36,291577400
,BMY,2010-02-26,24.77,25.01,23.49,24.51,203265500
,BMY,2010-03-31,24.59,27.07,24.25,26.7,304160200
,BMY,2010-04-30,26.77,27.01,24.07,25.31,302680300
,BMY,2010-05-28,25.31,25.7,22.24,23.21,301022400
,BMY,2010-06-30,23.11,25.95,22.31,24.94,419262700
,BMY,2010-07-30,24.84,25.95,24.22,24.92,268389600
,BMY,2010-08-31,25.33,26.79,25.29,26.08,221200600
,BMY,2010-09-30,26.24,28.0,26.11,27.11,274526600
,BMY,2010-10-29,27.11,27.72,26.62,26.84,184598200
,BMY,2010-11-30,27.015,27.32,25.1,25.24,195934000
,BMY,2010-12-31,25.67,26.88,25.42,26.48,186444500
,BMY,2011-01-31,26.65,26.72,25.16,25.18,215652600
,BMY,2011-02-28,25.35,26.05,25.1,25.81,175762400
,BMY,2011-03-31,25.66,27.96,24.97,26.43,402247000
,BMY,2011-04-29,26.51,28.5,26.4,28.1,222607700
,BMY,2011-05-31,28.24,28.99,28.0,28.76,196134000
,BMY,2011-06-30,28.71,29.54,27.18,28.96,270196700
,BMY,2011-07-29,28.95,29.73,28.5,28.66,199227800
,BMY,2011-08-31,28.97,29.92,25.69,29.75,366484700
,BMY,2011-09-30,29.75,31.908,28.37,31.38,316515300
,BMY,2011-10-31,31.3,33.27,30.95,31.59,323564900
,BMY,2011-11-30,31.07,32.73,30.1,32.72,210981300
,BMY,2011-12-30,32.28,35.44,32.27,35.24,218546000
,BMY,2012-01-31,35.33,35.44,31.89,32.24,263076100
,BMY,2012-02-29,32.53,33.26,31.31,32.17,182904500
,BMY,2012-03-30,32.05,33.92,32.05,33.75,205026832
,BMY,2012-04-30,33.65,35.0,32.28,33.37,193241213
,BMY,2012-05-31,33.55,33.76,32.36,33.34,187454600
,BMY,2012-06-29,32.87,35.95,32.83,35.95,246773600
,BMY,2012-07-31,35.74,36.34,34.37,35.6,191106800
,BMY,2012-08-31,35.73,36.0,31.37,33.01,293635100
,BMY,2012-09-28,33.04,34.24,32.82,33.75,200223500
,BMY,2012-10-31,33.79,34.55,32.7,33.25,204148321
,BMY,2012-11-30,33.47,33.86,30.64,32.63,191025200
,BMY,2012-12-31,32.71,33.55,31.85,32.59,169576100
,BMY,2013-01-31,32.84,36.71,32.5,36.14,219032600
,BMY,2013-02-28,36.42,37.22,36.03,36.97,155801200
,BMY,2013-03-28,36.89,41.25,36.43,41.19,217649000
,BMY,2013-04-30,41.12,42.87,39.18,39.72,194729400
,BMY,2013-05-31,39.47,48.83,39.18,46.01,272646200
,BMY,2013-06-28,47.1,49.57,44.32,44.69,227346800
,BMY,2013-07-31,45.06,46.14,42.96,43.24,171955100
,BMY,2013-08-30,43.7,44.39,41.11,41.69,135771600
,BMY,2013-09-30,42.01,47.59,41.32,46.28,146349100
,BMY,2013-10-31,46.45,53.68,46.14,52.52,170383300
,BMY,2013-11-29,52.63,53.61,51.01,51.38,143904300
,BMY,2013-12-31,51.29,54.49,50.11,53.15,131146400
,BMY,2014-01-31,52.52,56.83,49.45,49.97,225895800
,BMY,2014-02-28,50.13,54.96,47.52,53.77,160514200
,BMY,2014-03-31,53.17,57.49,50.16,51.95,184514300
,BMY,2014-04-30,52.23,52.39,47.42,50.09,176374000
,BMY,2014-05-30,49.95,52.49,48.1,49.74,173660400
,BMY,2014-06-30,49.9,50.0,46.3,48.51,220491600
,BMY,2014-07-31,48.51,51.34,47.34,50.62,142106034
,BMY,2014-08-29,50.79,50.97,48.51,50.65,101634200
,BMY,2014-09-30,50.62,52.17,49.7,51.18,111025370
,BMY,2014-10-31,51.01,59.03,47.545,58.19,192874702
,BMY,2014-11-28,58.31,59.715,57.35,59.05,108147338
,BMY,2014-12-31,59.21,61.77,57.601,59.03,130209999
,BMY,2015-01-30,59.43,64.44,58.04,60.27,142564527
,BMY,2015-02-27,60.71,61.605,58.65,60.92,98419342
,BMY,2015-03-31,61.12,69.2,61.04,64.5,155950789
,BMY,2015-04-30,64.2,67.53,62.66,63.73,132243363
,BMY,2015-05-29,64.28,69.86,63.16,64.6,130790303
,BMY,2015-06-30,66.63,68.14,64.26,66.54,163392699
,BMY,2015-07-31,66.45,70.54,63.82,65.64,131544165
,BMY,2015-08-31,65.95,66.13,51.82,59.47,134302304
,BMY,2015-09-30,58.55,64.68,56.32,59.2,188877517
,BMY,2015-10-30,59.26,68.48,58.39,65.95,164397566
,BMY,2015-11-30,66.56,69.0,63.57,67.01,98689013
,BMY,2015-12-31,67.54,70.87,66.14,68.79,112892557
,BMY,2016-01-29,67.45,68.9,60.0,62.16,165183823
,BMY,2016-02-29,61.87,64.54,57.94,61.93,143154656
,BMY,2016-03-31,62.31,66.6835,60.98,63.88,144870211
,BMY,2016-04-29,63.66,73.06,63.5,72.18,117778170
,BMY,2016-05-31,72.19,73.01,69.56,71.7,118584231
,BMY,2016-06-30,71.71,75.12,70.09,73.55,144598579
,BMY,2016-07-29,73.66,77.12,72.87,74.81,96876725
,BMY,2016-08-31,75.13,76.3,56.92,57.39,388139060
,BMY,2016-09-30,57.6,57.62,53.76,53.92,256447435
,BMY,2016-10-31,53.94,55.9,49.03,50.91,328156296
,BMY,2016-11-30,50.93,57.55,50.1,56.44,239140167
,BMY,2016-12-30,55.94,59.925,54.36,58.44,169935038
,BMY,2017-01-31,58.78,60.45,46.01,49.16,341550666
,BMY,2017-02-28,49.13,57.21,48.32,56.71,245791424
,BMY,2017-03-31,57.0,58.54,54.16,54.38,237012599
,BMY,2017-04-28,54.53,56.33,52.51,56.05,165265933
,BMY,2017-05-31,56.34,56.83,53.32,53.95,166543984
,BMY,2017-06-30,54.0,57.9,51.56,55.72,179563910
,BMY,2017-07-31,56.27,57.2,52.06,56.9,137022519
,BMY,2017-08-31,57.15,60.75,55.08,60.48,128067794
,BMY,2017-09-29,60.36,63.75,59.39,63.74,121016734
,BMY,2017-10-31,63.8,66.1,59.79,61.66,134847405
,BMY,2017-11-30,61.86,63.8,60.15,63.19,91921174
,BMY,2017-12-29,63.16,63.97,60.59,61.28,98414562
,BMY,2018-01-31,61.4,64.96,59.42,62.6,143007075
,BMY,2018-02-28,62.18,70.05,58.44,66.2,191083438
,BMY,2018-03-29,66.1,68.22,61.73,63.25,122475939
,BMY,2018-04-30,62.93,63.23,50.56,52.13,254501190
,BMY,2018-05-31,51.98,53.45,49.96,52.62,164795756
,BMY,2018-06-29,52.91,55.85,49.97,55.34,167496328
,BMY,2018-07-31,55.17,60.99,54.48,58.75,121255760
,BMY,2018-08-31,58.86,61.59,58.64,60.55,118941027
,BMY,2018-09-28,60.5,62.62,59.52,62.08,94327859
,BMY,2018-10-31,62.37,63.69,46.94,50.54,232863438
,BMY,2018-11-30,50.68,54.81,49.86,53.46,180080864
,BMY,2018-12-31,53.58,54.25,47.89,51.98,174420792
,BMY,2019-01-31,51.34,52.84,44.3,49.37,451458126
,BMY,2019-02-28,49.01,52.8,48.58,51.66,362153973
,BMY,2019-03-29,51.67,54.38,46.52,47.71,422103494
,BMY,2019-04-30,48.05,48.1,44.54,46.43,373749128
,BMY,2019-05-31,46.32,49.81,44.86,45.37,292590044
,BMY,2019-06-28,45.26,49.55,44.54,45.35,268589656
,BMY,2019-07-31,45.71,46.68,42.48,44.41,304751297
,BMY,2019-08-30,44.55,49.14,44.41,48.07,265004195
,BMY,2019-09-30,47.89,51.43,47.26,50.71,181610813
,BMY,2019-10-31,51.09,58.22,48.55,57.37,277474268
,BMY,2019-11-29,57.99,59.18,55.3,56.94,510130400
,BMY,2019-12-31,57.34,64.75,56.68,64.19,332054768
,BMY,2020-01-31,63.85,68.34,62.51,62.95,314437494
,BMY,2020-02-28,63.1,67.8,56.37,59.06,253859907
,BMY,2020-03-31,59.57,61.85,45.76,55.74,446442897
,BMY,2020-04-30,53.62,63.18,53.52,60.81,311118114
,BMY,2020-05-29,60.85,65.34,59.11,59.72,346624645
,BMY,2020-06-30,59.46,62.17,54.07,58.8,365297932
,BMY,2020-07-31,59.19,60.68,57.16,58.66,216654061
,BMY,2020-08-31,59.11,64.27,58.53,62.2,189644867
,BMY,2020-09-30,62.2,62.26,56.9,60.29,227368049
,BMY,2020-10-30,60.38,62.42,56.754,58.45,221908939
,BMY,2020-11-30,59.19,66.23,58.84,62.4,226022497
,BMY,2020-12-31,63.15,63.74,59.92,62.03,213133846
,BMY,2021-01-29,61.74,67.1599,60.465,61.43,236934452
,BMY,2021-02-26,61.91,64.635,59.37,61.33,260131077
,BMY,2021-03-31,61.9,64.415,58.625,63.13,284392857
,BMY,2021-04-30,63.18,66.93,61.51,62.42,236873713
,BMY,2021-05-28,62.7,67.96,62.6501,65.72,190629985
,BMY,2021-06-30,66.4,67.94,63.22,66.82,219846935
,BMY,2021-07-30,66.42,69.27,65.78,67.87,181215182
,BMY,2021-08-31,68.2,69.75,66.51,66.86,152250732
,BMY,2021-09-30,67.29,67.29,59.15,59.17,220801906
,BMY,2021-10-29,59.37,60.025,56.11,58.4,253979145
,BMY,2021-11-30,58.3,60.2,53.22,53.63,272618069
,BMY,2021-12-31,53.94,63.17,53.91,62.35,304122692
,BMY,2022-01-31,62.07,65.85,60.86,64.89,261788074
,BMY,2022-02-28,65.01,69.32,62.9,68.67,304191329
,BMY,2022-03-31,68.12,74.07,67.325,73.03,351726314
,BMY,2022-04-29,73.19,78.17,73.0,75.27,300515185
,BMY,2022-05-31,75.37,78.615,73.669,75.45,332001818
,BMY,2022-06-30,75.34,80.59,71.71,77.0,277642621
,BMY,2022-07-29,76.98,77.095,72.26,73.78,192581427
,BMY,2022-08-31,73.76,75.86,65.95,67.41,200473741
,BMY,2022-09-30,67.39,75.99,67.21,71.09,227462986
,BMY,2022-10-31,71.355,78.66,68.33,77.47,185041818
,BMY,2022-11-30,77.0,81.1699,74.5535,80.28,199338785
,BMY,2022-12-30,80.48,81.435,70.87,71.95,187192603
,BMY,2023-01-31,71.76,75.0,70.75,72.65,164846175
,BMY,2023-02-28,72.94,75.18,68.815,68.96,155705191
,BMY,2023-03-31,68.7,69.785,65.275,69.31,186872352
,BMY,2023-04-28,69.03,71.065,66.02,66.77,134270584
,BMY,2023-05-31,67.28,69.1,63.07,64.44,194761316
,BMY,2023-06-30,64.46,66.46,62.88,63.95,171664615
,BMY,2023-07-31,63.94,65.375,60.05,62.19,183981919
,BMY,2023-08-31,62.32,63.41,59.71,61.65,258003379
,BMY,2023-09-29,61.83,62.395,57.61,58.04,234209651
,BMY,2023-10-16,58.01,58.06,55.695,57.17,114261201
,CTLT,2014-08-29,20.0,21.74,19.34,21.5,14331600
,CTLT,2014-09-30,21.35,25.3975,21.21,25.03,23737163
,CTLT,2014-10-31,24.93,26.34,23.21,26.03,10459635
,CTLT,2014-11-28,26.0,29.09,22.85,28.79,8083755
,CTLT,2014-12-31,28.79,30.184,26.62,27.88,9264325
,CTLT,2015-01-30,28.04,28.84,26.32,27.62,7997535
,CTLT,2015-02-27,27.62,30.32,27.06,27.97,6302018
,CTLT,2015-03-31,27.5,31.66,26.74,31.15,23934482
,CTLT,2015-04-30,31.02,31.65,28.55,28.77,5857525
,CTLT,2015-05-29,28.93,32.11,26.17,31.96,7750723
,CTLT,2015-06-30,31.56,31.92,28.4316,29.33,29896516
,CTLT,2015-07-31,29.63,34.14,28.41,34.08,31211654
,CTLT,2015-08-31,34.08,34.415,28.913,31.79,16108639
,CTLT,2015-09-30,31.24,31.55,24.05,24.3,18081351
,CTLT,2015-10-30,24.32,27.49,23.63,26.58,10914389
,CTLT,2015-11-30,26.64,28.75,26.33,27.85,8338141
,CTLT,2015-12-31,28.05,28.54,24.28,25.03,13247496
,CTLT,2016-01-29,24.55,25.28,22.17,23.53,11301872
,CTLT,2016-02-29,23.42,25.09,18.92,24.27,12741165
,CTLT,2016-03-31,24.51,27.6,24.22,26.67,10391767
,CTLT,2016-04-29,26.52,32.24,26.14,29.53,25804304
,CTLT,2016-05-31,29.52,29.71,23.6,28.12,25803187
,CTLT,2016-06-30,28.14,28.62,20.94,22.99,46811880
,CTLT,2016-07-29,22.89,25.8,22.52,25.54,15411249
,CTLT,2016-08-31,25.62,26.04,23.52,25.23,17133845
,CTLT,2016-09-30,25.15,26.95,23.28,25.84,45492408
,CTLT,2016-10-31,25.59,26.3,22.81,22.81,16368540
,CTLT,2016-11-30,22.84,26.03,21.83,23.93,16259185
,CTLT,2016-12-30,23.72,27.4264,22.94,26.96,16733657
,CTLT,2017-01-31,27.09,27.79,25.51,26.76,14956012
,CTLT,2017-02-28,26.77,30.22,26.71,28.7,14143500
,CTLT,2017-03-31,28.97,29.67,27.7,28.32,13237468
,CTLT,2017-04-28,28.41,29.78,27.48,29.28,8819802
,CTLT,2017-05-31,29.38,36.2,28.76,35.53,22145098
,CTLT,2017-06-30,35.54,38.73,34.74,35.1,27643233
,CTLT,2017-07-31,35.12,36.53,34.63,34.7,17330700
,CTLT,2017-08-31,35.0,41.4,33.42,41.29,26510077
,CTLT,2017-09-29,41.35,42.22,38.55,39.92,28014298
,CTLT,2017-10-31,40.0,43.39,39.81,42.59,18920949
,CTLT,2017-11-30,42.98,43.03,36.73,39.79,19171235
,CTLT,2017-12-29,39.64,42.22,37.77,41.08,16616693
,CTLT,2018-01-31,41.37,47.87,40.791,46.54,15819178
,CTLT,2018-02-28,46.25,47.56,39.32,41.75,22699123
,CTLT,2018-03-29,41.67,43.96,38.968,41.06,17638825
,CTLT,2018-04-30,41.0,42.61,38.57,41.11,13853710
,CTLT,2018-05-31,40.7,41.74,38.22,39.26,18253840
,CTLT,2018-06-29,39.69,42.62,38.91,41.89,31791373
,CTLT,2018-07-31,41.69,44.26,39.541,41.7,24447578
,CTLT,2018-08-31,41.59,45.72,39.56,41.8,19189568
,CTLT,2018-09-28,41.6,45.91,40.31,45.55,15273396
,CTLT,2018-10-31,45.88,46.43,37.45,40.34,15670726
,CTLT,2018-11-30,40.48,42.31,34.245,39.65,24934287
,CTLT,2018-12-31,40.0,40.57,29.23,31.18,20912665
,CTLT,2019-01-31,30.86,37.234,29.29,36.93,22930832
,CTLT,2019-02-28,36.89,43.87,36.75,43.22,16885932
,CTLT,2019-03-29,43.62,44.14,39.8,40.59,14116210
,CTLT,2019-04-30,40.97,45.43,39.09,44.82,19159194
,CTLT,2019-05-31,44.88,47.04,42.85,45.5,16842729
,CTLT,2019-06-28,45.38,54.91,44.93,54.21,17582341
,CTLT,2019-07-31,54.87,58.38,52.98,56.49,14285035
,CTLT,2019-08-30,56.54,57.95,51.12,52.74,18301001
,CTLT,2019-09-30,52.43,53.26,47.266,47.66,15388616
,CTLT,2019-10-31,47.68,50.8,46.43,48.65,13031186
,CTLT,2019-11-29,48.96,53.25,47.72,51.99,13756811
,CTLT,2019-12-31,52.11,57.02,50.41,56.3,15353664
,CTLT,2020-01-31,56.54,63.36,55.35,61.1,14710514
,CTLT,2020-02-28,67.24,68.78,49.82,51.53,28374262
,CTLT,2020-03-31,51.84,55.54,31.04,51.95,31887321
,CTLT,2020-04-30,49.69,69.56,47.01,69.15,22436964
,CTLT,2020-05-29,67.95,80.52,65.0,77.73,36019289
,CTLT,2020-06-30,77.34,79.19,67.97,73.3,38521664
,CTLT,2020-07-31,73.52,90.99,72.53,87.34,23429429
,CTLT,2020-08-31,88.37,93.0899,84.69,92.5,15899300
,CTLT,2020-09-30,94.38,95.7,79.65,85.66,57513432
,CTLT,2020-10-30,86.46,96.38,82.88,87.77,17442448
,CTLT,2020-11-30,88.78,120.48,87.16,96.14,27999563
,CTLT,2020-12-31,96.35,106.55,91.87,104.07,27240687
,CTLT,2021-01-29,104.84,120.18,103.0,115.05,19155322
,CTLT,2021-02-26,116.91,127.68,109.34,113.71,19006292
,CTLT,2021-03-31,114.78,117.8,97.86,105.31,29274556
,CTLT,2021-04-30,105.94,115.97,104.62,112.47,16551686
,CTLT,2021-05-28,113.0,113.6,98.73,104.83,23408923
,CTLT,2021-06-30,104.97,111.19,99.03,108.12,19408820
,CTLT,2021-07-30,108.17,121.11,108.12,119.81,13504686
,CTLT,2021-08-31,120.28,132.685,117.22,130.44,17278556
,CTLT,2021-09-30,130.37,142.64,129.6,133.07,23422891
,CTLT,2021-10-29,132.68,138.2,126.04,137.86,14240571
,CTLT,2021-11-30,138.2,140.555,119.01,128.66,23465592
,CTLT,2021-12-31,129.05,131.42,113.82,128.03,22285358
,CTLT,2022-01-31,128.03,128.26,95.43,103.93,26345226
,CTLT,2022-02-28,107.92,113.69,91.17,102.04,23154697
,CTLT,2022-03-31,102.1,113.53,93.3,110.9,26294186
,CTLT,2022-04-29,111.59,114.89,86.34,90.56,27709371
,CTLT,2022-05-31,89.46,105.41,87.71,103.06,26327132
,CTLT,2022-06-30,102.89,114.1,100.25,107.29,24537884
,CTLT,2022-07-29,107.28,115.335,99.0,113.1,20174961
,CTLT,2022-08-31,112.55,115.0799,87.17,88.0,26657918
,CTLT,2022-09-30,87.15,97.54,72.32,72.36,32224865
,CTLT,2022-10-31,73.1,81.72,64.44,65.73,41485001
,CTLT,2022-11-30,49.27,53.79,40.69,50.13,93625786
,CTLT,2022-12-30,50.44,53.0558,41.52,45.01,58276167
,CTLT,2023-01-31,46.0,54.35,44.495,53.55,51123831
,CTLT,2023-02-28,54.03,72.72,52.14,68.22,55555645
,CTLT,2023-03-31,67.65,74.49,61.04,65.71,39368149
,CTLT,2023-04-28,64.65,67.535,41.33,50.12,95906240
,CTLT,2023-05-31,50.05,50.61,31.45,37.23,134594456
,CTLT,2023-06-30,37.2,44.95,36.15,43.36,99219032
,CTLT,2023-07-31,43.56,49.26,43.13,48.52,52316874
,CTLT,2023-08-31,48.0,50.56,42.395,49.97,50071292
,CTLT,2023-09-29,50.52,51.79,44.65,45.53,37023200
,CTLT,2023-10-16,45.2,47.795,42.2,46.52,20089454
,LLY,2023-10-16,536.01,629.97,516.57,616.64,40489884
,LLY,2023-09-29,556.32,601.84,532.2,537.13,58019308
,LLY,2023-08-31,455.35,557.75,446.89,554.2,71152574
,LLY,2023-07-31,466.26,467.6,434.34,454.55,46835927
,LLY,2023-06-30,430.27,469.87,428.13,468.98,56778357
,LLY,2023-05-31,397.26,454.95,392.255,429.46,75112510
,LLY,2023-04-28,343.24,404.3131,342.3,395.86,56071795
,LLY,2023-03-31,310.0,343.65,309.2,343.42,80115766
,LLY,2023-02-28,342.79,353.815,309.64,311.22,66674226
,LLY,2023-01-31,366.26,369.0,339.38,344.15,50722892
,LLY,2022-12-30,374.79,375.25,354.6101,365.84,53002346
,LLY,2022-11-30,345.83,372.35,340.12,371.08,69750948
,LLY,2022-10-31,325.99,363.9199,317.05,362.09,55842424
,LLY,2022-09-30,301.0,341.7,296.32,323.35,68936990
,LLY,2022-08-31,327.51,330.43,296.53,301.23,62135816
,LLY,2022-07-29,323.88,335.33,315.51,329.69,42681800
,LLY,2022-06-30,313.44,330.85,283.11,324.23,68053614
,LLY,2022-05-31,291.23,324.08,283.0,313.44,65874585
,LLY,2022-04-29,286.15,314.0,276.83,292.13,58019395
,LLY,2022-03-31,247.56,295.33,245.44,286.37,70442271
,LLY,2022-02-28,247.05,252.9,231.87,249.95,51888486
,LLY,2022-01-31,274.41,274.41,232.68,245.39,59753612
,LLY,2021-12-31,249.44,283.905,239.47,276.22,74511225
,LLY,2021-11-30,255.11,271.11,246.48,248.04,60736110
,LLY,2021-10-29,231.0,256.75,224.22,254.76,53323088
,LLY,2021-09-30,258.54,260.99,220.2,231.05,61195782
,LLY,2021-08-31,245.73,275.87,243.5,258.29,54225049
,LLY,2021-07-30,229.51,248.4,228.66,243.5,50261821
,LLY,2021-06-30,200.32,239.37,196.68,229.52,95262441
,LLY,2021-05-28,182.99,203.615,182.92,199.74,60884540
,LLY,2021-04-30,186.82,193.5,178.5779,182.77,63359486
,LLY,2021-03-31,205.78,212.16,179.82,186.82,96146254
,LLY,2021-02-26,209.46,209.89,195.64,204.89,62542908
,LLY,2021-01-29,169.02,218.0,161.78,207.97,114113902
,LLY,2020-12-31,146.69,173.895,143.13,168.84,81332259
,LLY,2020-11-30,132.54,151.98,129.99,145.65,90544145
,LLY,2020-10-30,148.33,157.15,129.21,130.46,87153834
,LLY,2020-09-30,148.61,154.5,145.06,148.02,80103225
,LLY,2020-08-31,152.8,157.49,146.98,148.39,52180949
,LLY,2020-07-31,164.32,170.75,148.74,150.29,61892732
,LLY,2020-06-30,154.47,167.43,139.68,164.18,97966237
,LLY,2020-05-29,153.72,162.37,143.62,152.95,65382744
,LLY,2020-04-30,134.0,164.9,132.98,154.64,79529821
,LLY,2020-03-31,127.74,144.0,117.06,138.72,149904037
,LLY,2020-02-28,140.53,147.87,121.51,126.13,73118696
,LLY,2020-01-31,131.77,143.72,130.23,139.64,76612365
,LLY,2019-12-31,117.52,137.0,115.92,131.43,71189503
,LLY,2019-11-29,114.07,118.46,110.51,117.35,60562165
,LLY,2019-10-31,111.94,114.67,101.36,113.95,74256464
,LLY,2019-09-30,112.54,117.23,106.4,111.83,71433734
,LLY,2019-08-30,109.02,116.14,107.44,112.97,75888210
,LLY,2019-07-31,111.31,115.47,105.15,108.95,85980388
,LLY,2019-06-28,116.53,118.94,110.02,110.79,85962167
,LLY,2019-05-31,117.05,119.53,113.87,115.94,92251813
,LLY,2019-04-30,130.71,131.35,113.65,117.04,117713399
,LLY,2019-03-29,127.25,132.13,121.96,129.76,659368487
,LLY,2019-02-28,120.32,127.77,116.86,126.29,284952333
,LLY,2019-01-31,114.79,120.14,111.1,119.86,101289476
,LLY,2018-12-31,118.64,119.84,105.67,115.72,100231974
,LLY,2018-11-30,108.74,118.71,104.95,118.64,100551609
,LLY,2018-10-31,107.67,116.61,104.17,108.44,112531242
,LLY,2018-09-28,105.31,107.84,103.66,107.31,68632506
,LLY,2018-08-31,98.74,106.49,97.84,105.65,78294755
,LLY,2018-07-31,85.06,99.2,84.71,98.81,78820240
,LLY,2018-06-29,85.2,87.27,84.36,85.33,73329271
,LLY,2018-05-31,80.68,85.11,77.09,85.04,86813099
,LLY,2018-04-30,76.88,83.56,75.4,81.07,86521052
,LLY,2018-03-29,77.06,80.49,74.51,77.37,85125857
,LLY,2018-02-28,81.54,83.03,73.69,77.02,116818024
,LLY,2018-01-31,84.46,88.33,81.27,81.45,93506744
,LLY,2017-12-29,84.98,89.09,84.18,84.46,67009777
,LLY,2017-11-30,82.17,85.48,81.42,84.64,53591967
,LLY,2017-10-31,85.78,89.09,81.72,81.94,79278440
,LLY,2017-09-29,81.54,85.61,79.05,85.54,69177335
,LLY,2017-08-31,82.86,83.15,76.89,81.29,74170965
,LLY,2017-07-31,82.41,85.53,80.77,82.66,71760808
,LLY,2017-06-30,79.6,84.76,78.75,82.3,79239780
,LLY,2017-05-31,82.09,83.1119,76.85,79.57,84990423
,LLY,2017-04-28,84.13,86.72,79.88,82.06,71088160
,LLY,2017-03-31,83.44,86.14,81.37,84.11,82515007
,LLY,2017-02-28,77.9,83.48,76.55,82.81,67247245
,LLY,2017-01-31,73.94,78.12,73.54,77.03,97535917
,LLY,2016-12-30,66.165,74.49,65.66,73.55,132236366
,LLY,2016-11-30,73.81,79.7,64.18,67.12,165744166
,LLY,2016-10-31,80.0,83.24,73.8,73.84,81947425
,LLY,2016-09-30,77.75,81.46,76.45,80.26,76070947
,LLY,2016-08-31,83.02,83.785,77.53,77.75,69797810
,LLY,2016-07-29,78.89,83.59,78.37,82.89,74232402
,LLY,2016-06-30,74.9,78.81,71.87,78.75,103821081
,LLY,2016-05-31,75.95,78.71,73.34,75.03,86472050
,LLY,2016-04-29,71.6,78.5,71.53,75.53,76179471
,LLY,2016-03-31,72.63,74.95,67.88,72.01,117671029
,LLY,2016-02-29,78.21,79.16,70.43,72.0,104140173
,LLY,2016-01-29,83.4,85.4,76.54,79.1,116114988
,LLY,2015-12-31,84.21,88.16,82.56,84.26,86148256
,LLY,2015-11-30,81.14,85.5,78.44,82.04,75107018
,LLY,2015-10-30,83.6,88.48,75.16,81.57,157125706
,LLY,2015-09-30,80.6,92.85,78.5,83.69,116433899
,LLY,2015-08-31,84.81,88.95,77.77,82.35,95854850
,LLY,2015-07-31,83.8,90.18,81.5,84.51,116814379
,LLY,2015-06-30,78.92,87.24,76.99,83.49,153270022
,LLY,2015-05-29,72.26,79.55,71.25,78.9,78679536
,LLY,2015-04-30,72.92,74.02,70.2,71.87,87914564
,LLY,2015-03-31,70.16,77.46,68.31,72.65,102619470
,LLY,2015-02-27,71.87,72.0,69.38,70.17,76781383
,LLY,2015-01-30,69.77,73.47,68.45,72.0,98784711
,LLY,2014-12-31,67.97,75.1,67.6,68.99,113018812
,LLY,2014-11-28,66.05,68.67,66.03,68.12,69379964
,LLY,2014-10-31,65.88,67.43,60.58,66.33,107902088
,LLY,2014-09-30,63.6,67.14,63.48,64.85,86216587
,LLY,2014-08-29,60.77,63.59,60.14,63.56,55261150
,LLY,2014-07-31,62.63,65.7,60.94,61.06,80409400
,LLY,2014-06-30,59.75,63.38,58.5,62.17,82058600
,LLY,2014-05-30,59.18,60.49,57.81,59.86,103920800
,LLY,2014-04-30,59.13,61.15,57.35,59.1,111844100
,LLY,2014-03-31,58.95,60.1,56.81,58.86,96419000
,LLY,2014-02-28,54.11,60.12,52.29,59.61,114640900
,LLY,2014-01-31,50.97,55.785,50.52,54.01,135541200
,LLY,2013-12-31,50.3,51.38,48.88,51.0,86488300
,LLY,2013-11-29,49.91,51.62,49.27,50.22,149415500
,LLY,2013-10-31,50.41,51.14,47.53,49.82,154532000
,LLY,2013-09-30,51.77,54.25,50.07,50.33,86081900
,LLY,2013-08-30,53.43,56.5,51.0,51.4,129821100
,LLY,2013-07-31,49.35,53.98,49.27,53.11,100632200
,LLY,2013-06-28,53.08,53.42,48.68,49.12,106260900
,LLY,2013-05-31,55.1,57.1,53.1525,53.16,134228600
,LLY,2013-04-30,56.67,58.405,55.02,55.38,95883200
,LLY,2013-03-28,54.31,56.94,54.31,56.79,91334800
,LLY,2013-02-28,53.55,54.99,53.18,54.66,131206400
,LLY,2013-01-31,49.94,54.87,49.19,53.69,148193700
,LLY,2012-12-31,49.21,50.7601,47.61,49.32,136541100
,LLY,2012-11-30,48.89,49.69,44.88,49.04,163059700
,LLY,2012-10-31,47.49,53.99,47.46,48.63,220200100
,LLY,2012-09-28,44.97,47.84,44.71,47.41,116540900
,LLY,2012-08-31,44.12,45.45,42.1,44.91,192169600
,LLY,2012-07-31,43.06,44.67,41.59,44.03,135507800
,LLY,2012-06-29,40.67,42.91,39.93,42.91,112670100
,LLY,2012-05-31,41.32,41.82,40.34,40.95,131024800
,LLY,2012-04-30,40.3,41.52,39.16,41.39,148507500
,LLY,2012-03-30,39.17,40.45,38.56,40.265,108779000
,LLY,2012-02-29,39.82,40.11,38.3,39.24,147097500
,LLY,2012-01-31,41.95,42.03,38.93,39.74,174411200
,LLY,2011-12-30,37.71,41.92,37.3,41.56,168685000
,LLY,2011-11-30,36.78,39.04,35.46,37.85,185012100
,LLY,2011-10-31,37.02,38.98,35.69,37.16,162008400
,LLY,2011-09-30,37.57,38.36,35.435,36.97,175055500
,LLY,2011-08-31,38.91,38.91,33.75,37.51,258036100
,LLY,2011-07-29,37.48,39.78,37.155,38.3,181625600
,LLY,2011-06-30,38.3,38.48,36.6,37.53,144853800
,LLY,2011-05-31,37.21,39.4,37.19,38.48,187468000
,LLY,2011-04-29,35.21,37.46,34.88,37.01,139523000
,LLY,2011-03-31,34.5,35.42,33.46,35.17,146245700
,LLY,2011-02-28,34.83,35.92,33.96,34.56,165925300
,LLY,2011-01-31,35.17,35.61,34.47,34.77,166851100
,LLY,2010-12-31,33.97,35.4,33.81,35.04,122132393
,LLY,2010-11-30,35.26,35.93,33.52,33.66,154540100
,LLY,2010-10-29,36.68,38.08,34.68,35.2,141542000
,LLY,2010-09-30,34.11,36.9,33.83,36.53,109124800
,LLY,2010-08-31,35.84,37.92,33.535,33.59,192044200
,LLY,2010-07-30,33.43,36.2,32.82,35.6,177261200
,LLY,2010-06-30,32.63,34.98,32.27,33.5,165562700
,LLY,2010-05-28,35.27,35.8,32.02,32.79,180413400
,LLY,2010-04-30,36.45,36.97,34.57,34.97,159175800
,LLY,2010-03-31,34.5,36.82,34.23,36.22,149482900
,LLY,2010-02-26,35.36,35.75,33.63,34.34,128908300
,LLY,2010-01-29,35.77,37.92,34.84,35.2,144879100
,LLY,2009-12-31,36.82,38.0,34.47,35.71,147268000
,LLY,2009-11-30,34.19,37.54,33.382,36.73,122421300
,LLY,2009-10-30,32.97,35.63,32.27,34.01,163992500
,LLY,2009-09-30,33.3,33.55,32.3,33.03,139952200
,LLY,2009-08-31,35.33,35.63,32.23,33.46,120757700
,LLY,2009-07-31,34.76,35.65,32.19,34.89,149028300
,LLY,2009-06-30,34.89,35.47,32.78,34.64,147741000
,LLY,2009-05-29,32.92,36.65,32.62,34.57,114622800
,LLY,2009-04-30,33.03,34.43,30.91,32.92,128607600
,LLY,2009-03-31,28.4,34.31,27.21,33.41,174185100
,LLY,2009-02-27,36.53,39.25,29.38,29.38,126192000
,LLY,2009-01-30,40.38,40.78,36.2664,36.82,128907300
,LLY,2008-12-31,33.32,40.5,30.63,40.27,125549500
,LLY,2008-11-28,34.44,35.64,28.62,34.15,128060200
,LLY,2008-10-31,43.58,44.44,29.25,33.82,220081700
,LLY,2008-09-30,47.21,47.88,42.88,44.03,146911300
,LLY,2008-08-29,47.11,49.78,46.46,46.65,101686000
,LLY,2008-07-31,45.67,49.46,45.52,47.11,131911100
,LLY,2008-06-30,48.28,49.82,45.36,46.16,129691100
,LLY,2008-05-30,48.17,49.9,47.5,48.14,92593400
,LLY,2008-04-30,51.72,53.4,47.86,48.14,132076300
,LLY,2008-03-31,50.12,51.78,46.6,51.59,124827300
,LLY,2008-02-29,51.36,52.51,49.5,50.02,114072200
,LLY,2008-01-31,53.47,57.52,50.05,51.39,175129600
,LLY,2007-12-31,52.65,55.34,51.75,53.39,102877700
,LLY,2007-11-30,53.66,53.99,49.09,52.95,149352400
,LLY,2007-10-31,57.09,59.82,51.8,54.15,145811100
,LLY,2007-09-28,57.33,58.22,55.48,56.93,88800000
,LLY,2007-08-31,53.6,59.02,53.53,57.35,132823800
,LLY,2007-07-31,56.24,58.94,53.97,54.09,109097300
,LLY,2007-06-29,58.73,59.23,55.3,55.88,109449600
,LLY,2007-05-31,59.1,60.0,57.9,58.62,104668200
,LLY,2007-04-30,53.96,61.0,53.9,59.13,115346600
,LLY,2007-03-30,52.0,54.28,51.21,53.71,108905100
,LLY,2007-02-28,54.65,55.2,52.3,52.59,82724700
,LLY,2007-01-31,52.35,54.37,51.57,54.12,101564600
,LLY,2006-12-29,53.45,54.92,51.13,52.1,116720100
,LLY,2006-11-30,55.95,57.48,53.36,53.59,110204100
,LLY,2006-10-31,56.81,58.48,55.94,56.01,83074500
,LLY,2006-09-29,56.0,57.35,53.97,57.0,96546200
,LLY,2006-08-31,56.4,57.49,53.83,55.93,70487200
,LLY,2006-07-31,55.42,57.18,54.0,56.77,68384400
,LLY,2006-06-30,51.62,55.66,50.83,55.27,79756100
,LLY,2006-05-31,52.51,53.32,50.19,51.64,91161000
,LLY,2006-04-28,55.31,55.9,50.92,52.92,77711500
,LLY,2006-03-31,55.37,59.24,54.85,55.3,85007500
,LLY,2006-02-28,56.34,57.13,54.6,55.62,61196600
,LLY,2006-01-31,57.19,59.0,56.0,56.62,78854100
,LLY,2005-12-30,50.8,58.25,50.75,56.59,97532300
,LLY,2005-11-30,49.89,52.2,49.47,50.5,74092700
,LLY,2005-10-31,53.4,54.4,49.7,49.79,111786200
,LLY,2005-09-30,54.74,57.09,52.62,53.52,74156300
,LLY,2005-08-31,56.33,57.0,51.98,55.02,98782100
,LLY,2005-07-29,55.72,57.4,54.35,56.32,69734000
,LLY,2005-06-30,58.3,58.98,55.52,55.71,62417600
,LLY,2005-05-31,58.7,60.98,57.93,58.3,74163100
,LLY,2005-04-29,52.3,59.89,51.08,58.47,155713400
,LLY,2005-03-31,56.2,57.42,51.32,52.1,81918400
,LLY,2005-02-28,54.25,56.69,53.85,56.0,52330200
,LLY,2005-01-31,56.77,57.83,52.86,54.24,73819600
,LLY,2004-12-31,53.85,58.01,53.36,56.75,88509700
,LLY,2004-11-30,54.91,58.79,53.31,53.33,83283200
,LLY,2004-10-29,60.25,62.38,50.34,54.91,113957200
,LLY,2004-09-30,63.5,67.3,59.72,60.05,60415700
,LLY,2004-08-31,63.72,64.96,59.78,63.45,60777200
,LLY,2004-07-30,69.91,70.3,61.64,63.72,76614900
,LLY,2004-06-30,73.85,75.83,69.47,69.91,59253300
,LLY,2004-05-28,73.82,76.95,70.31,73.67,62412600
,LLY,2004-04-30,67.4,74.88,67.01,73.81,74974200
,LLY,2004-03-31,73.85,73.98,64.51,66.9,80809300
,LLY,2004-02-27,67.78,74.71,67.52,73.94,64587200
,LLY,2004-01-30,70.85,72.15,66.55,68.04,85760400
,LLY,2003-12-31,68.56,73.89,68.25,70.33,68263300
,LLY,2003-11-28,66.63,72.8,64.541,68.8,75127500
,LLY,2003-10-31,62.0,67.9,60.34,66.62,84823000
,LLY,2003-09-30,66.6,67.02,57.901,59.4,88170000
,LLY,2003-08-29,65.1,66.6,60.81,66.53,67635400
,LLY,2003-07-31,68.9,70.44,61.87,65.84,66125700
,LLY,2003-06-30,60.58,71.4,57.97,68.97,101101600
,LLY,2003-05-30,63.82,64.9,56.51,59.77,84690200
,LLY,2003-04-30,57.55,64.94,56.72,63.82,64834400
,LLY,2003-03-31,56.75,58.95,52.77,57.15,62724800
,LLY,2003-02-28,61.1,62.76,55.09,56.56,58374200
,LLY,2003-01-31,64.85,68.8,58.7,60.24,68123000
,LLY,2002-12-31,69.15,69.7,62.15,63.5,61465200
,LLY,2002-11-29,55.37,69.2,55.0,68.3,90550200
,LLY,2002-10-31,55.25,65.0,54.84,55.5,107878800
,LLY,2002-09-30,57.7,60.0,54.15,55.34,63328700
,LLY,2002-08-30,58.42,62.2,51.35,58.05,77355900
,LLY,2002-07-31,56.4,59.24,43.75,58.42,136740600
,LLY,2002-06-28,64.7,65.0,55.79,56.4,67901300
,LLY,2002-05-31,67.0,68.27,62.79,64.7,73328300
,LLY,2002-04-30,78.0,78.9,62.99,66.05,88334300
,LLY,2002-03-28,75.65,81.09,74.55,76.2,58420900
,LLY,2002-02-28,75.2,77.99,72.15,75.73,45932000
,LLY,2002-01-31,78.5,78.85,72.91,75.1,68016600
,LLY,2001-12-31,84.04,84.3,76.69,78.54,69137300
,LLY,2001-11-30,76.5,83.79,75.92,82.67,58583400
,LLY,2001-10-31,80.58,82.99,73.5,76.5,120347500
,LLY,2001-09-28,78.2,81.34,71.81,80.7,60403300
,LLY,2001-08-31,79.0,83.76,76.7,77.63,53350500
,LLY,2001-07-31,74.5,80.48,74.0,79.28,58028600
,LLY,2001-06-29,84.9,88.47,73.28,74.0,66227100
,LLY,2001-05-31,84.9,88.65,83.01,84.7,54787500
,LLY,2001-04-30,76.91,85.19,74.01,85.0,66888500
,LLY,2001-03-30,78.21,80.39,70.01,76.66,84213700
,LLY,2001-02-28,78.8,83.7,72.75,79.46,79322200
,LLY,2001-01-31,93.0,95.0,78.01,78.8,82588000
,LLY,2000-12-29,93.0,94.63,86.5,93.06,56237800
,LLY,2000-11-30,89.44,97.13,84.0,93.69,64299100
,LLY,2000-10-31,81.25,90.5,79.56,89.38,64509800
,LLY,2000-09-29,74.25,83.19,66.63,81.13,63336000
,LLY,2000-08-31,104.1,108.9,73.0,73.02,114835600
,LLY,2000-07-31,97.94,105.0,91.56,103.9,66124600
,LLY,2000-06-30,77.0,109.0,71.25,99.88,111506200
,LLY,2000-05-31,78.0,80.5,72.88,76.44,62479200
,LLY,2000-04-28,64.25,78.5,63.75,77.13,71808700
,LLY,2000-03-31,59.44,65.94,54.0,62.63,72490300
,LLY,2000-02-29,65.88,66.5,56.13,59.44,56821700
,LLY,2000-01-31,65.0,71.06,61.5,66.88,65907400
,LLY,1999-12-31,71.13,73.88,63.63,66.5,52936700
,JNJ,2023-10-16,155.42,159.27,153.32,157.53,63914874
,JNJ,2023-09-29,161.42,165.27,155.255,155.75,147239309
,JNJ,2023-08-31,166.365,175.97,161.279,161.68,1084597713
,JNJ,2023-07-31,164.34,175.36,157.33,167.53,201433484
,JNJ,2023-06-30,154.54,166.27,153.15,165.52,146420516
,JNJ,2023-05-31,163.6,166.18,153.32,155.06,131391015
,JNJ,2023-04-28,154.95,167.23,153.94,163.7,145984330
,JNJ,2023-03-31,153.01,156.25,150.11,155.0,185727779
,JNJ,2023-02-28,162.99,166.34,153.04,153.26,164788113
,JNJ,2023-01-31,176.16,180.93,161.05,163.42,160523975
,JNJ,2022-12-30,179.0,181.039,174.07,176.65,129804586
,JNJ,2022-11-30,174.06,178.12,166.82,178.0,138345404
,JNJ,2022-10-31,164.29,175.39,159.17,173.97,139409660
,JNJ,2022-09-30,161.49,167.67,160.81,163.36,168208394
,JNJ,2022-08-31,174.17,175.49,161.27,161.34,157194059
,JNJ,2022-07-29,177.45,179.99,169.76,174.52,114642190
,JNJ,2022-06-30,179.15,183.3506,167.26,177.51,159327466
,JNJ,2022-05-31,180.47,181.74,172.69,179.53,152671542
,JNJ,2022-04-29,177.05,186.69,175.52,180.46,163085375
,JNJ,2022-03-31,163.04,180.21,162.4079,177.23,178828338
,JNJ,2022-02-28,171.74,173.62,155.72,164.57,154521593
,JNJ,2022-01-31,170.21,174.3,158.26,172.29,164864607
,JNJ,2021-12-31,156.88,173.51,156.25,171.07,167967356
,JNJ,2021-11-30,163.16,167.62,155.85,155.93,162042197
,JNJ,2021-10-29,161.53,166.03,157.34,162.88,136330276
,JNJ,2021-09-30,172.9,175.22,161.41,161.5,132035291
,JNJ,2021-08-31,172.47,179.92,171.3,173.13,114788991
,JNJ,2021-07-30,164.74,173.3801,164.63,172.2,133719594
,JNJ,2021-06-30,170.15,170.2,161.79,164.74,145663761
,JNJ,2021-05-28,163.6,172.74,163.12,169.25,131244877
,JNJ,2021-04-30,162.6,167.7899,156.53,162.73,162666701
,JNJ,2021-03-31,161.45,167.03,151.47,164.35,175075046
,JNJ,2021-02-26,165.31,167.94,157.97,158.46,145703168
,JNJ,2021-01-29,157.24,173.65,154.13,163.13,184468267
,JNJ,2020-12-31,146.29,157.66,145.86,157.38,158848089
,JNJ,2020-11-30,138.98,151.3,137.49,144.68,153632314
,JNJ,2020-10-30,149.31,153.142,133.65,137.11,137289386
,JNJ,2020-09-30,153.87,155.47,142.96,148.88,138804749
,JNJ,2020-08-31,146.39,154.4,145.8247,153.41,109838615
,JNJ,2020-07-31,140.69,151.67,140.06,145.76,137813607
,JNJ,2020-06-30,147.29,150.03,137.02,140.63,173851578
,JNJ,2020-05-29,149.62,153.62,143.01,148.75,136220967
,JNJ,2020-04-30,127.7,157.0,125.5,150.04,234258695
,JNJ,2020-03-31,134.78,143.64,109.16,131.13,355130991
,JNJ,2020-02-28,149.42,154.5,130.82,134.48,147282695
,JNJ,2020-01-31,145.87,151.19,141.38,148.87,150447700
,JNJ,2019-12-31,137.72,147.84,136.16,145.87,127539619
,JNJ,2019-11-29,132.05,138.63,129.68,137.49,127783294
,JNJ,2019-10-31,130.02,137.49,126.1,132.04,208044111
,JNJ,2019-09-30,127.99,132.78,126.34,129.38,124079875
,JNJ,2019-08-30,130.26,134.1,126.63,128.36,175236850
,JNJ,2019-07-31,140.2,142.47,127.84,130.22,159852777
,JNJ,2019-06-28,131.5,144.98,131.04,139.28,150884200
,JNJ,2019-05-31,140.95,142.35,128.52,131.15,159035154
,JNJ,2019-04-30,139.99,141.45,134.42,141.2,124330820
,JNJ,2019-03-29,137.22,140.0,135.74,139.79,137356242
,JNJ,2019-02-28,134.02,137.95,131.26,136.64,119454752
,JNJ,2019-01-31,128.13,135.19,125.0,133.08,174394739
,JNJ,2018-12-31,145.57,148.99,121.0,129.05,289169133
,JNJ,2018-11-30,140.07,148.75,139.0,146.9,152747742
,JNJ,2018-10-31,138.26,141.43,132.23,139.99,167966504
,JNJ,2018-09-28,134.69,143.13,133.44,138.17,122169102
,JNJ,2018-08-31,132.39,137.43,128.93,134.69,123999399
,JNJ,2018-07-31,121.34,132.64,120.11,132.52,145911110
,JNJ,2018-06-29,120.38,124.85,119.97,121.34,139906981
,JNJ,2018-05-31,126.32,127.61,118.62,119.62,139533228
,JNJ,2018-04-30,127.82,132.88,123.54,126.49,144126787
,JNJ,2018-03-29,129.11,135.7,124.9,128.15,147871674
,JNJ,2018-02-28,137.53,140.67,122.15,129.88,175166385
,JNJ,2018-01-31,139.66,148.32,138.1,138.19,165186233
,JNJ,2017-12-29,139.57,143.8,138.6,139.72,110005044
,JNJ,2017-11-30,139.83,141.87,136.6,139.33,92222302
,JNJ,2017-10-31,130.16,144.3523,130.02,139.41,119394799
,JNJ,2017-09-29,132.6,135.79,129.05,130.01,112551362
,JNJ,2017-08-31,133.17,134.97,130.9,132.37,103707554
,JNJ,2017-07-31,132.79,137.08,129.5711,132.72,105498131
,JNJ,2017-06-30,128.32,137.0,128.12,132.29,143335525
,JNJ,2017-05-31,123.4,128.8,122.34,128.25,111435425
,JNJ,2017-04-28,124.73,125.81,120.95,123.47,92734522
,JNJ,2017-03-31,122.49,129.0,122.39,124.55,166552677
,JNJ,2017-02-28,112.48,122.88,112.47,122.21,133813250
,JNJ,2017-01-31,115.78,117.0,110.76,113.25,143309802
,JNJ,2016-12-30,111.36,117.3,109.32,115.21,138043546
,JNJ,2016-11-30,114.76,122.5,111.3,111.3,171881719
,JNJ,2016-10-31,118.0,120.1955,112.99,115.99,140052892
,JNJ,2016-09-30,119.19,119.97,117.0434,118.13,130379636
,JNJ,2016-08-31,125.31,125.9,118.33,119.34,138567506
,JNJ,2016-07-29,121.54,126.07,120.79,125.23,124602401
,JNJ,2016-06-30,112.57,121.41,112.07,121.3,167568126
,JNJ,2016-05-31,112.22,115.0,111.7,112.69,141092715
,JNJ,2016-04-29,108.0,114.19,107.69,112.08,158171281
,JNJ,2016-03-31,105.9,109.56,105.44,108.2,172912906
,JNJ,2016-02-29,103.61,106.92,99.78,105.21,201534921
,JNJ,2016-01-29,101.71,104.75,94.28,104.44,211264010
,JNJ,2015-12-31,101.73,105.49,100.31,102.72,161973865
,JNJ,2015-11-30,101.18,103.0,99.74,101.24,126157452
,JNJ,2015-10-30,93.43,102.12,91.76,101.03,191792688
,JNJ,2015-09-30,92.27,96.19,89.9,93.35,201657631
,JNJ,2015-08-31,100.0,101.0,81.79,93.98,194750801
,JNJ,2015-07-31,98.3,101.36,96.64,100.21,151829212
,JNJ,2015-06-30,100.28,100.84,97.01,97.46,170008492
,JNJ,2015-05-29,99.62,104.48,98.66,100.14,143760078
,JNJ,2015-04-30,100.46,102.14,98.04,99.2,171541632
,JNJ,2015-03-31,102.86,103.41,98.22,100.6,177429841
,JNJ,2015-02-27,100.49,103.33,97.15,102.51,191363861
,JNJ,2015-01-30,105.05,106.5,100.09,100.14,195027355
,JNJ,2014-12-31,107.89,108.99,102.5,104.57,175580889
,JNJ,2014-11-28,107.83,109.49,106.6,108.25,125674760
,JNJ,2014-10-31,105.98,108.18,95.1,107.78,232663082
,JNJ,2014-09-30,103.3,108.77,103.02,106.59,130486054
,JNJ,2014-08-29,99.76,104.42,98.8,103.73,120163600
,JNJ,2014-07-31,105.15,106.74,100.05,100.09,148795100
,JNJ,2014-06-30,101.54,106.0,101.01,104.62,123993600
,JNJ,2014-05-30,100.77,101.54,98.88,101.46,124656300
,JNJ,2014-04-30,98.31,101.98,96.05,101.29,180242400
,JNJ,2014-03-31,91.13,98.6,90.83,98.23,181324400
,JNJ,2014-02-28,88.75,92.99,86.09,92.12,150415074
,JNJ,2014-01-31,91.14,95.38,88.15,88.47,192804300
,JNJ,2013-12-31,94.41,94.79,89.77,91.59,151086000
,JNJ,2013-11-29,92.3801,95.99,92.28,94.66,131026200
,JNJ,2013-10-31,86.59,93.45,85.5,92.61,173024000
,JNJ,2013-09-30,86.89,90.72,86.0,86.69,158876500
,JNJ,2013-08-30,94.16,94.4,85.85,86.41,204260800
,JNJ,2013-07-31,85.72,94.42,85.5,93.5,200315600
,JNJ,2013-06-28,84.28,87.8224,82.12,85.86,210552200
,JNJ,2013-05-31,84.5,89.99,83.88,84.18,220724300
,JNJ,2013-04-30,81.39,85.89,80.31,85.23,218722300
,JNJ,2013-03-28,75.79,81.59,75.73,81.53,193396300
,JNJ,2013-02-28,74.14,77.02,73.56,76.11,177978400
,JNJ,2013-01-31,71.02,74.8,70.3,73.92,196795059
,JNJ,2012-12-31,69.8,71.62,69.175,70.1,232603000
,JNJ,2012-11-30,71.1,71.9,68.51,69.73,211662500
,JNJ,2012-10-31,68.92,72.74,67.8,70.82,267146700
,JNJ,2012-09-28,67.49,69.64,66.97,68.91,200224200
,JNJ,2012-08-31,69.48,69.75,66.85,67.43,224101500
,JNJ,2012-07-31,67.42,69.7,67.0,69.22,273347200
,JNJ,2012-06-29,62.04,67.7,61.71,67.56,451142100
,JNJ,2012-05-31,64.91,65.485,62.0,62.43,278010100
,JNJ,2012-04-30,66.04,66.3,62.76,65.1,229665900
,JNJ,2012-03-30,65.11,66.18,64.12,65.96,208163900
,JNJ,2012-02-29,65.97,66.32,64.02,65.08,192370000
,JNJ,2012-01-31,65.59,66.0,64.34,65.91,212136100
,JNJ,2011-12-30,64.68,66.315,62.85,65.58,210285200
,JNJ,2011-11-30,63.68,65.49,61.05,64.72,236914800
,JNJ,2011-10-31,63.65,65.86,60.83,64.39,251590300
,JNJ,2011-09-30,65.66,66.14,61.0,63.69,264862000
,JNJ,2011-08-31,65.28,66.23,59.08,65.8,491488700
,JNJ,2011-07-29,66.48,68.05,64.13,64.79,202614600
,JNJ,2011-06-30,67.02,67.36,64.69,66.52,231770300
,JNJ,2011-05-31,65.92,67.37,64.8,67.29,270892200
,JNJ,2011-04-29,59.63,65.975,59.06,65.72,270819500
,JNJ,2011-03-31,61.25,61.5,57.5,59.25,241612737
,JNJ,2011-02-28,59.7,61.45,59.36,61.44,199932400
,JNJ,2011-01-31,62.63,63.54,59.69,59.77,257253400
,JNJ,2010-12-31,62.18,63.16,61.56,61.85,212152900
,JNJ,2010-11-30,63.88,64.92,61.25,61.55,221392600
,JNJ,2010-10-29,62.09,64.23,61.3,63.74,208721800
,JNJ,2010-09-30,57.67,62.7,57.44,61.96,209239500
,JNJ,2010-08-31,58.5,60.25,56.99,57.02,239384600
,JNJ,2010-07-30,59.07,61.73,56.86,58.09,310708000
,JNJ,2010-06-30,58.21,60.15,57.55,59.06,313888500
,JNJ,2010-05-28,65.16,65.62,58.19,58.3,357775800
,JNJ,2010-04-30,65.37,66.2,64.21,64.3,235860700
,JNJ,2010-03-31,63.27,65.49,63.02,65.2,249947500
,JNJ,2010-02-26,63.26,64.7,61.89,63.0,213341500
,JNJ,2010-01-29,64.71,65.95,62.22,62.86,245125300
,JNJ,2009-12-31,62.95,65.41,62.95,64.41,212286400
,JNJ,2009-11-30,59.15,63.44,58.8,62.84,233417400
,JNJ,2009-10-30,60.93,62.74,58.78,59.05,280297200
,JNJ,2009-09-30,60.35,61.54,59.28,60.89,197460800
,JNJ,2009-08-31,61.16,61.49,59.5,60.44,211869300
,JNJ,2009-07-31,56.82,62.47,55.71,60.89,270356100
,JNJ,2009-06-30,55.75,57.23,54.54,56.8,301738000
,JNJ,2009-05-29,52.53,56.48,51.67,55.16,257261500
,JNJ,2009-04-30,52.3,54.13,50.12,52.36,306396300
,JNJ,2009-03-31,49.0,53.7,46.25,52.6,423319700
,JNJ,2009-02-27,57.41,59.13,49.94,50.0,308348500
,JNJ,2009-01-30,60.13,61.0,55.09,57.69,349391400
,JNJ,2008-12-31,57.66,60.25,54.95,59.83,315194900
,JNJ,2008-11-28,61.49,63.01,54.49,58.58,375653400
,JNJ,2008-10-31,69.07,69.07,52.06,61.34,640425500
,JNJ,2008-09-30,71.09,72.76,66.9,69.28,367504200
,JNJ,2008-08-29,68.5,71.9,67.93,70.43,224063800
,JNJ,2008-07-31,63.75,69.25,63.74,68.47,308621600
,JNJ,2008-06-30,66.55,67.1,63.1,64.34,228287700
,JNJ,2008-05-30,67.13,68.32,64.54,66.74,219962000
,JNJ,2008-04-30,65.0,67.74,64.51,67.09,221952400
,JNJ,2008-03-31,62.14,65.81,61.17,64.87,259617600
,JNJ,2008-02-29,63.31,64.09,61.36,61.96,218925600
,JNJ,2008-01-31,66.56,68.85,61.72,63.14,339978400
,JNJ,2007-12-31,67.47,68.5,66.55,66.7,197170400
,JNJ,2007-11-30,64.8,68.75,63.73,67.74,284874000
,JNJ,2007-10-31,65.66,66.8,63.55,65.17,232885800
,JNJ,2007-09-28,61.63,65.75,61.26,65.7,220556400
,JNJ,2007-08-31,60.51,62.98,60.31,61.79,331077300
,JNJ,2007-07-31,61.94,63.88,59.72,60.5,290358700
,JNJ,2007-06-29,63.35,63.77,60.73,61.62,259962000
,JNJ,2007-05-31,64.53,64.94,61.65,63.27,280281700
,JNJ,2007-04-30,60.26,65.45,60.03,64.22,248968100
,JNJ,2007-03-30,62.3,62.93,59.87,60.26,318147400
,JNJ,2007-02-28,66.8,67.15,62.72,62.93,192375400
,JNJ,2007-01-31,66.13,68.22,65.9,66.8,175594400
,JNJ,2006-12-29,65.91,67.25,65.29,66.02,157532600
,JNJ,2006-11-30,67.38,69.03,65.22,65.91,196072100
,JNJ,2006-10-31,65.0,69.41,64.5,67.4,189511300
,JNJ,2006-09-29,64.87,65.04,63.25,64.94,128522300
,JNJ,2006-08-31,62.38,65.13,62.29,64.66,150477100
,JNJ,2006-07-31,60.13,63.0,59.6842,62.55,134968800
,JNJ,2006-06-30,60.25,62.0,58.97,59.92,199396300
,JNJ,2006-05-31,58.71,60.93,58.19,60.22,196603700
,JNJ,2006-04-28,59.49,59.76,57.32,58.61,171133300
,JNJ,2006-03-31,57.62,61.1,57.45,59.22,181202600
,JNJ,2006-02-28,57.67,59.71,56.65,57.65,183341700
,JNJ,2006-01-31,61.07,63.1,57.45,57.54,220695200
,JNJ,2005-12-30,61.85,62.06,59.76,60.1,189869600
,JNJ,2005-11-30,62.48,63.78,60.0,61.75,241169500
,JNJ,2005-10-31,63.18,64.5999,60.53,62.62,224158000
,JNJ,2005-09-30,63.18,65.33,62.85,63.28,139445700
,JNJ,2005-08-31,64.25,65.35,61.65,63.39,138029400
,JNJ,2005-07-29,64.82,65.43,62.67,63.96,149908400
,JNJ,2005-06-30,67.1,67.61,64.43,65.0,162476400
,JNJ,2005-05-31,68.68,68.87,66.755,67.1,125789400
,JNJ,2005-04-29,67.32,69.99,66.65,68.63,158634500
,JNJ,2005-03-31,66.47,68.68,66.12,67.16,158100100
,JNJ,2005-02-28,64.61,66.89,64.52,65.6,107556700
,JNJ,2005-01-31,63.35,64.98,61.2,64.7,136191800
,JNJ,2004-12-31,60.33,64.25,59.6,63.42,173950700
,JNJ,2004-11-30,58.35,61.49,57.81,60.32,123981200
,JNJ,2004-10-29,56.39,58.48,54.81,58.38,139893100
,JNJ,2004-09-30,58.0,58.8,56.09,56.33,110410900
,JNJ,2004-08-31,55.0,58.1,54.37,58.1,107083900
,JNJ,2004-07-30,55.35,58.14,54.43,55.27,141900800
,JNJ,2004-06-30,55.23,57.28,54.5,55.7,125332400
,JNJ,2004-05-28,54.22,56.39,54.02,55.71,140688600
,JNJ,2004-04-30,51.05,54.77,49.9,54.03,166843100
,JNJ,2004-03-31,54.49,54.49,49.25,50.72,172924700
,JNJ,2004-02-27,53.41,54.9,52.79,53.91,126994200
,JNJ,2004-01-30,51.66,54.04,50.43,53.42,172050600
,JNJ,2003-12-31,50.3,51.74,48.79,51.66,185895500
,JNJ,2003-11-28,50.08,52.89,48.26,49.3,164719400
,JNJ,2003-10-31,49.71,51.15,48.05,50.33,200619900
,JNJ,2003-09-30,49.78,52.5,49.09,49.52,197900400
,JNJ,2003-08-29,50.95,52.25,49.0,49.58,154672000
,JNJ,2003-07-31,51.7,54.24,50.55,51.79,180959900
,JNJ,2003-06-30,54.35,55.57,50.75,51.7,216949500
,JNJ,2003-05-30,56.36,57.52,52.55,54.35,161675800
,JNJ,2003-04-30,57.87,59.08,53.95,56.36,159363100
,JNJ,2003-03-31,53.16,58.68,51.5,57.87,160153900
,JNJ,2003-02-28,53.5,53.95,49.1,52.45,139008100
,JNJ,2003-01-31,54.25,57.55,51.54,53.61,157116600
,JNJ,2002-12-31,56.59,57.07,53.0,53.71,143258800
,JNJ,2002-11-29,58.33,61.25,56.3,57.02,134767300
,JNJ,2002-10-31,54.95,61.3,54.3,58.75,223245600
,JNJ,2002-09-30,53.88,56.25,51.45,54.08,146893100
,JNJ,2002-08-30,53.0,56.5,49.75,54.31,159253500
,JNJ,2002-07-31,51.7,54.85,41.02,53.0,343494700
,JNJ,2002-06-28,61.1,61.74,52.0,52.26,185599200
,JNJ,2002-05-31,63.97,64.63,59.16,61.35,162571200
,JNJ,2002-04-30,65.29,65.29,61.78,63.86,160057900
,JNJ,2002-03-28,60.9,65.89,60.6,64.95,154776300
,JNJ,2002-02-28,58.33,60.97,54.7,60.9,131715000
,JNJ,2002-01-31,58.9,60.1,56.6,57.51,131885400
,JNJ,2001-12-31,58.74,60.18,55.42,59.1,169195500
,JNJ,2001-11-30,57.58,60.97,57.51,58.25,144831900
,JNJ,2001-10-31,55.4,59.66,53.05,57.91,181677000
,JNJ,2001-09-28,55.75,57.16,50.2,55.4,176432200
,JNJ,2001-08-31,54.1,57.6,52.3,52.71,163136000
,JNJ,2001-07-31,50.1,54.98,50.0,54.1,164167000
,JNJ,2001-06-29,96.96,103.5,49.13,49.96,150360550
,JNJ,2001-05-31,96.6,102.0,95.82,96.95,92320700
,JNJ,2001-04-30,87.5,96.7,85.19,96.48,104800400
,JNJ,2001-03-30,97.8,99.85,80.5,87.47,147648000
,JNJ,2001-02-28,93.13,98.25,93.13,97.33,58485900
,JNJ,2001-01-31,104.0,104.7,90.38,93.13,84223300
,JNJ,2000-12-29,99.25,105.9,95.25,105.1,69949800
,JNJ,2000-11-30,92.0,103.0,89.19,100.0,69216000
,JNJ,2000-10-31,94.19,97.5,90.31,92.13,71004700
,JNJ,2000-09-29,92.5,97.81,90.31,93.94,48267500
,JNJ,2000-08-31,92.5,98.88,91.25,91.96,50177300
,JNJ,2000-07-31,101.3,101.4,90.25,93.06,67023900
,JNJ,2000-06-30,89.25,102.0,82.5,101.9,74942800
,JNJ,2000-05-31,82.25,90.0,81.88,89.5,60104100
,JNJ,2000-04-28,70.63,84.44,70.0,82.5,85393700
,JNJ,2000-03-31,72.25,82.25,66.13,70.25,139902700
,JNJ,2000-02-29,85.44,86.31,70.06,72.0,93261000
,JNJ,2000-01-31,93.13,96.94,80.5,86.06,76758100
,JNJ,1999-12-31,103.3,103.4,90.13,93.25,71283600
,MRK,2023-10-16,102.83,105.37,100.92,104.14,67907278
,MRK,2023-09-29,109.65,110.37,102.71,102.95,121822953
,MRK,2023-08-31,109.6,112.02,104.42,108.98,160957707
,MRK,2023-07-31,114.47,114.62,105.17,106.65,146112890
,MRK,2023-06-30,110.66,115.61,106.87,115.39,172473257
,MRK,2023-05-31,115.8,119.65,108.47,110.41,141581506
,MRK,2023-04-28,105.95,116.86,105.57,115.47,120949331
,MRK,2023-03-31,105.96,112.18,102.44,106.39,216567989
,MRK,2023-02-28,106.97,111.2432,101.75,106.24,157436276
,MRK,2023-01-31,110.41,115.49,105.11,107.41,172747318
,MRK,2022-12-30,109.75,112.89,107.32,110.95,188421157
,MRK,2022-11-30,100.65,110.33,97.33,110.12,201128728
,MRK,2022-10-31,86.72,101.5,86.02,101.2,204669125
,MRK,2022-09-30,85.64,89.165,84.52,86.12,169468533
,MRK,2022-08-31,89.34,93.02,85.16,85.36,177612922
,MRK,2022-07-29,91.3,95.35,87.42,89.34,178377586
,MRK,2022-06-30,91.67,95.72,83.05,91.17,270579547
,MRK,2022-05-31,88.72,94.92,86.36,92.03,264473127
,MRK,2022-04-29,82.19,90.01,81.64,88.69,240058281
,MRK,2022-03-31,76.5,83.375,75.95,82.05,234688515
,MRK,2022-02-28,81.96,82.295,72.875,76.58,249221346
,MRK,2022-01-31,76.58,82.56,75.35,81.48,273882244
,MRK,2021-12-31,75.53,77.74,71.5,76.64,291109909
,MRK,2021-11-30,88.05,91.4,73.84,74.91,315398602
,MRK,2021-10-29,81.56,88.46,77.11,88.05,420386637
,MRK,2021-09-30,76.22,77.38,70.89,75.11,284872511
,MRK,2021-08-31,76.93,79.23,74.815,76.29,181714786
,MRK,2021-07-30,77.65,78.77,75.64,76.87,178624294
,MRK,2021-06-30,76.06,78.09,72.075,77.77,322646212
,MRK,2021-05-28,74.26,80.34,74.22,75.89,222004545
,MRK,2021-04-30,77.16,79.49,72.85,74.5,234804770
,MRK,2021-03-31,73.21,78.545,71.715,77.09,334019292
,MRK,2021-02-26,77.99,78.92,72.54,72.62,211609492
,MRK,2021-01-29,82.0,85.6,76.39,77.07,193599623
,MRK,2020-12-31,80.95,83.94,77.735,81.8,192506943
,MRK,2020-11-30,76.45,85.17,75.64,80.39,170482665
,MRK,2020-10-30,83.18,83.34,73.94,75.21,186061560
,MRK,2020-09-30,85.35,87.8,81.7,82.95,179239981
,MRK,2020-08-31,82.15,86.29,80.03,85.27,148276216
,MRK,2020-07-31,77.43,81.68,76.04,80.24,175750907
,MRK,2020-06-30,80.18,83.51,73.57,77.33,241100768
,MRK,2020-05-29,78.86,81.0,75.43,80.72,209543507
,MRK,2020-04-30,74.66,84.67,72.99,79.34,244070098
,MRK,2020-03-31,77.13,83.07,65.25,76.94,389582860
,MRK,2020-02-28,86.04,89.2,74.18,76.56,263377328
,MRK,2020-01-31,91.08,92.14,84.71,85.44,195626165
,MRK,2019-12-31,87.54,92.64,86.5,90.95,153790901
,MRK,2019-11-29,87.07,87.87,82.67,87.18,165086270
,MRK,2019-10-31,84.18,86.99,80.25,86.66,185422270
,MRK,2019-09-30,86.24,87.17,78.85,84.18,180621338
,MRK,2019-08-30,83.06,87.35,82.16,86.47,180256446
,MRK,2019-07-31,84.33,87.07,78.63,82.99,221866936
,MRK,2019-06-28,79.65,86.5,79.52,83.85,225785455
,MRK,2019-05-31,78.69,81.94,76.8,79.21,204567677
,MRK,2019-04-30,83.73,83.85,72.23,78.71,259665192
,MRK,2019-03-29,81.76,83.47,79.05,83.17,202304963
,MRK,2019-02-28,75.97,81.76,75.33,81.29,189680622
,MRK,2019-01-31,75.29,76.5,72.05,74.43,291469783
,MRK,2018-12-31,79.52,80.19,70.89,76.41,284097163
,MRK,2018-11-30,73.8,79.49,70.12,79.34,273075212
,MRK,2018-10-31,71.07,74.49,66.1,73.61,279962378
,MRK,2018-09-28,68.37,71.58,67.91,70.94,145426244
,MRK,2018-08-31,65.71,70.25,64.87,68.59,175832618
,MRK,2018-07-31,60.55,66.12,59.92,65.87,173106994
,MRK,2018-06-29,59.89,62.96,59.62,60.7,231826351
,MRK,2018-05-31,59.0,60.08,56.26,59.53,208457563
,MRK,2018-04-30,54.4,61.0,52.83,58.87,270907833
,MRK,2018-03-29,54.26,56.13,52.97,54.47,234730335
,MRK,2018-02-28,59.17,60.34,53.36,54.22,265153755
,MRK,2018-01-31,56.59,63.78,55.96,59.25,281937358
,MRK,2017-12-29,55.4,57.37,54.185,56.27,226743831
,MRK,2017-11-30,55.54,56.72,53.63,55.27,256352910
,MRK,2017-10-31,64.21,64.9,54.41,55.09,236179556
,MRK,2017-09-29,63.79,66.41,63.33,64.03,157852284
,MRK,2017-08-31,64.04,64.27,61.16,63.86,156202726
,MRK,2017-07-31,63.85,64.8,61.72,63.88,164490259
,MRK,2017-06-30,65.09,66.4,62.69,64.09,210010328
,MRK,2017-05-31,62.25,65.485,62.1,65.11,197001380
,MRK,2017-04-28,63.43,64.15,61.87,62.33,148894551
,MRK,2017-03-31,66.07,66.8,62.81,63.54,215763075
,MRK,2017-02-28,62.06,66.16,61.56,65.87,183471890
,MRK,2017-01-31,59.15,63.24,59.05,61.99,261978825
,MRK,2016-12-30,61.3,63.03,58.56,58.87,207773059
,MRK,2016-11-30,59.0,65.46,58.29,61.19,230326851
,MRK,2016-10-31,62.22,64.855,58.3655,58.72,239044479
,MRK,2016-09-30,62.7,63.49,61.12,62.41,199747228
,MRK,2016-08-31,58.83,64.0,57.18,62.79,258563089
,MRK,2016-07-29,57.54,59.95,57.42,58.66,161798132
,MRK,2016-06-30,56.2,57.87,55.1,57.61,218038646
,MRK,2016-05-31,54.85,56.84,53.06,56.26,170522849
,MRK,2016-04-29,52.5,57.4,52.44,54.84,182512684
,MRK,2016-03-31,50.39,53.6,50.0901,52.91,207765295
,MRK,2016-02-29,50.39,51.13,47.97,50.21,236477888
,MRK,2016-01-29,52.01,53.4685,48.98,50.67,254935414
,MRK,2015-12-31,53.77,54.99,51.2,52.82,227283594
,MRK,2015-11-30,54.69,55.765,52.13,53.01,174641413
,MRK,2015-10-30,49.35,55.64,48.35,54.66,297931530
,MRK,2015-09-30,52.47,54.5,48.09,49.39,300095764
,MRK,2015-08-31,59.3,60.07,45.69,53.85,251080582
,MRK,2015-07-31,56.93,59.33,55.83,58.96,190680594
,MRK,2015-06-30,60.85,61.7,56.705,56.93,217486886
,MRK,2015-05-29,59.76,61.375,58.85,60.89,194734794
,MRK,2015-04-30,57.26,60.48,56.22,59.56,257363638
,MRK,2015-03-31,58.29,59.71,55.64,57.48,269518177
,MRK,2015-02-27,60.5,61.06,57.73,58.54,199329666
,MRK,2015-01-30,57.22,63.62,57.025,60.28,231735688
,MRK,2014-12-31,60.4,62.2,56.56,56.79,229025205
,MRK,2014-11-28,57.95,60.87,57.57,60.4,179348956
,MRK,2014-10-31,59.09,60.51,52.49,57.94,301280165
,MRK,2014-09-30,59.73,61.33,58.55,59.28,192274534
,MRK,2014-08-29,56.6,60.58,55.57,60.11,149580824
,MRK,2014-07-31,57.7,59.65,56.72,56.74,159358303
,MRK,2014-06-30,57.91,59.32,57.24,57.85,184139900
,MRK,2014-05-30,58.55,59.84,54.4,57.86,207700100
,MRK,2014-04-30,56.65,59.0,54.7,58.56,231378100
,MRK,2014-03-31,56.1,57.65,53.57,56.77,236574500
,MRK,2014-02-28,52.91,57.455,51.92,56.99,237342400
,MRK,2014-01-31,49.88,54.1,49.3,52.97,313826100
,MRK,2013-12-31,49.74,50.42,47.61,50.05,211085000
,MRK,2013-11-29,44.87,49.95,44.62,49.83,258884700
,MRK,2013-10-31,48.92,49.23,45.08,45.09,356726300
,MRK,2013-09-30,47.52,48.71,47.013,47.609,293099200
,MRK,2013-08-30,48.44,48.85,46.47,47.29,214828900
,MRK,2013-07-31,46.26,49.08,46.03,48.17,253298600
,MRK,2013-06-28,48.93,50.16,46.06,46.45,472136600
,MRK,2013-05-31,44.8,48.64,44.6,46.7,427841200
,MRK,2013-04-30,44.0,48.79,43.77,47.0,308632200
,MRK,2013-03-28,42.33,45.42,42.33,44.2,385637800
,MRK,2013-02-28,42.24,43.45,40.825,42.73,323510800
,MRK,2013-01-31,41.86,43.77,40.94,43.25,290067700
,MRK,2012-12-31,44.47,45.49,40.02,40.94,263124000
,MRK,2012-11-30,45.75,46.55,42.36,44.3,240683900
,MRK,2012-10-31,44.97,48.0,44.97,45.63,214635900
,MRK,2012-09-28,43.14,45.7,42.87,45.095,222406300
,MRK,2012-08-31,44.45,44.79,42.61,43.05,234490400
,MRK,2012-07-31,41.25,45.17,41.06,44.17,350865700
,MRK,2012-06-29,37.18,41.75,37.02,41.75,398750800
,MRK,2012-05-31,38.94,39.5,37.02,37.58,257387500
,MRK,2012-04-30,38.3,39.46,37.77,39.24,261500900
,MRK,2012-03-30,38.15,39.0,36.91,38.4,370644100
,MRK,2012-02-29,38.55,39.01,37.78,38.17,249387800
,MRK,2012-01-31,37.88,39.43,37.81,38.27,283497600
,MRK,2011-12-30,35.73,37.9,34.86,37.7,374356600
,MRK,2011-11-30,33.81,36.25,33.13,35.75,330471300
,MRK,2011-10-31,32.59,35.5,30.54,34.5,366412200
,MRK,2011-09-30,33.05,33.49,30.71,32.7,369272200
,MRK,2011-08-31,34.25,34.29,29.47,33.095,509896300
,MRK,2011-07-29,35.17,36.56,34.05,34.13,240770100
,MRK,2011-06-30,36.6,36.75,34.365,35.29,256501900
,MRK,2011-05-31,36.44,37.65,36.07,36.75,294946000
,MRK,2011-04-29,33.05,36.25,33.0,35.95,308624500
,MRK,2011-03-31,32.6,33.48,31.06,33.01,403814500
,MRK,2011-02-28,33.34,34.04,31.85,32.57,308279300
,MRK,2011-01-31,36.29,37.6164,33.0,33.17,477954200
,MRK,2010-12-31,34.75,36.99,34.67,36.04,281068400
,MRK,2010-11-30,36.44,36.95,33.94,34.47,344612500
,MRK,2010-10-29,36.76,37.68,36.02,36.31,198449482
,MRK,2010-09-30,35.38,37.58,34.52,36.81,271490900
,MRK,2010-08-31,34.86,35.99,34.02,35.16,237706200
,MRK,2010-07-30,34.83,36.8,33.65,34.46,302902600
,MRK,2010-06-30,33.43,36.25,32.99,34.97,391069000
,MRK,2010-05-28,35.29,36.36,30.7,33.69,447318800
,MRK,2010-04-30,37.64,37.97,33.54,35.04,393998200
,MRK,2010-03-31,37.03,39.04,36.1,37.35,328490900
,MRK,2010-02-26,38.56,39.72,35.76,36.88,304944300
,MRK,2010-01-29,36.82,41.56,36.55,38.18,321365000
,MRK,2009-12-31,36.29,38.42,36.1,36.54,297669900
,MRK,2009-11-30,31.12,36.9592,30.29,36.21,471939000
,MRK,2009-10-30,31.74,34.18,30.83,30.93,470937400
,MRK,2009-09-30,32.29,32.93,29.94,31.63,330974900
,MRK,2009-08-31,30.45,33.05,28.69,32.43,303758400
,MRK,2009-07-31,28.1,31.18,25.0512,30.01,420149600
,MRK,2009-06-30,27.71,28.05,24.37,27.96,449657600
,MRK,2009-05-29,24.23,27.61,23.81,27.58,411954300
,MRK,2009-04-30,26.49,27.6,22.33,24.24,439428700
,MRK,2009-03-31,23.76,28.12,20.05,26.75,583899600
,MRK,2009-02-27,28.09,30.93,24.17,24.2,302360100
,MRK,2009-01-30,30.46,31.66,26.87,28.55,264083500
,MRK,2008-12-31,26.37,30.57,24.13,30.4,309917200
,MRK,2008-11-28,30.93,31.3,22.82,26.72,288339600
,MRK,2008-10-31,31.42,32.46,23.64,30.95,471992600
,MRK,2008-09-30,35.62,36.075,30.34,31.56,344917200
,MRK,2008-08-29,33.09,36.73,32.74,35.67,259200800
,MRK,2008-07-31,37.34,38.9,31.15,32.9,509814600
,MRK,2008-06-30,38.9,38.99,34.49,37.69,422514200
,MRK,2008-05-30,38.05,40.45,37.8,38.96,284443800
,MRK,2008-04-30,38.42,42.24,36.8,38.04,576788200
,MRK,2008-03-31,44.28,45.73,36.82,37.95,381436300
,MRK,2008-02-29,46.2,48.23,44.13,44.3,301121200
,MRK,2008-01-31,58.03,61.18,42.32,46.1,468739700
,MRK,2007-12-31,58.94,61.62,56.56,58.11,225164100
,MRK,2007-11-30,57.88,60.49,54.06,59.36,304006900
,MRK,2007-10-31,52.0,58.26,51.44,58.26,241501200
,MRK,2007-09-28,50.49,52.83,48.8,51.69,190699100
,MRK,2007-08-31,49.62,52.74,48.11,50.17,252721100
,MRK,2007-07-31,49.91,53.81,48.43,49.65,290100100
,MRK,2007-06-29,52.87,52.9,48.0,49.8,266895900
,MRK,2007-05-31,51.65,55.14,50.54,52.45,234967300
,MRK,2007-04-30,44.64,52.63,44.52,51.44,254707600
,MRK,2007-03-30,44.0,44.96,42.76,44.17,227502100
,MRK,2007-02-28,44.9,45.44,42.35,44.15,204242200
,MRK,2007-01-31,44.03,46.55,43.16,44.75,180030000
,MRK,2006-12-29,44.65,45.9,42.63,43.6,199626300
,MRK,2006-11-30,45.99,46.32,42.29,44.51,263203400
,MRK,2006-10-31,42.15,46.37,41.24,45.42,221964000
,MRK,2006-09-29,40.52,42.51,39.9,41.9,166075900
,MRK,2006-08-31,40.38,41.78,38.0,40.55,247940100
,MRK,2006-07-31,36.9,41.76,35.0,40.27,232498200
,MRK,2006-06-30,33.51,36.84,33.12,36.43,195372800
,MRK,2006-05-31,34.5,35.51,32.75,33.29,222474000
,MRK,2006-04-28,35.47,36.09,33.55,34.42,168042500
,MRK,2006-03-31,35.05,36.5,34.34,35.23,154184700
,MRK,2006-02-28,34.27,36.65,33.56,34.86,173221200
,MRK,2006-01-31,32.52,34.88,31.81,34.5,207353900
,MRK,2005-12-30,29.69,32.54,27.99,31.81,264066600
,MRK,2005-11-30,28.45,31.01,27.8,29.4,230326900
,MRK,2005-10-31,27.42,28.26,25.5,28.22,206969900
,MRK,2005-09-30,28.32,29.46,26.97,27.21,176674300
,MRK,2005-08-31,31.24,31.46,27.0,28.23,260286400
,MRK,2005-07-29,30.8,32.34,29.9,31.06,147348400
,MRK,2005-06-30,32.2,32.5,30.12,30.8,153865200
,MRK,2005-05-31,34.07,35.2,32.22,32.44,160131900
,MRK,2005-04-29,32.67,35.36,31.98,33.9,213800400
,MRK,2005-03-31,32.06,32.6,31.1,32.37,165177800
,MRK,2005-02-28,28.06,32.61,27.78,31.7,264624900
,MRK,2005-01-31,31.99,32.23,27.48,28.05,260178300
,MRK,2004-12-31,27.85,32.66,27.32,32.14,351847500
,MRK,2004-11-30,29.34,29.8,25.6,28.02,574756400
,MRK,2004-10-29,33.69,34.32,29.75,31.31,464902600
,MRK,2004-09-30,44.59,45.99,32.46,33.0,254528900
,MRK,2004-08-31,45.3,47.0,43.46,44.97,108660600
,MRK,2004-07-30,47.65,47.73,44.25,45.35,113875100
,MRK,2004-06-30,47.4,48.78,46.88,47.5,111659200
,MRK,2004-05-28,47.01,48.41,45.83,47.3,102342900
,MRK,2004-04-30,44.55,47.6,44.28,47.0,126639900
,MRK,2004-03-31,48.42,48.6,42.85,44.19,170149400
,MRK,2004-02-27,47.88,49.33,47.36,48.08,130519000
,MRK,2004-01-30,48.88,48.88,45.5,47.6,177326500
,MRK,2003-12-31,41.25,46.3,41.17,46.2,193220300
,MRK,2003-11-28,44.25,47.15,40.57,40.6,243270600
,MRK,2003-10-31,50.76,51.95,43.88,44.25,203759200
,MRK,2003-09-30,50.15,54.3,50.11,50.62,127555600
,MRK,2003-08-29,55.01,56.049,49.48,50.32,136645500
,MRK,2003-07-31,60.5,62.69,55.03,55.28,137316200
,MRK,2003-06-30,55.8,63.5,55.63,60.55,138340200
,MRK,2003-05-30,58.18,59.88,54.1,55.58,133527600
,MRK,2003-04-30,55.1,59.55,54.65,58.18,128384400
,MRK,2003-03-31,53.35,56.85,49.9,54.78,121485900
,MRK,2003-02-28,55.4,56.31,51.6,52.75,95217700
,MRK,2003-01-31,57.58,60.24,51.5,55.39,126663800
,MRK,2002-12-31,60.45,60.45,55.16,56.61,137509400
,MRK,2002-11-29,53.5,60.48,51.8,59.41,156086000
,MRK,2002-10-31,46.3,55.24,43.35,54.24,175238500
,MRK,2002-09-30,49.45,50.33,44.44,45.71,115605400
,MRK,2002-08-30,49.36,54.0,45.35,50.52,120721100
,MRK,2002-07-31,50.89,51.09,38.5,49.6,243775300
,MRK,2002-06-28,57.05,57.19,47.6,50.64,148994400
,MRK,2002-05-31,54.05,58.85,54.01,57.1,118996300
,MRK,2002-04-30,57.8,57.8,51.0,54.34,183171600
,MRK,2002-03-28,61.36,64.5,56.98,57.58,142506400
,MRK,2002-02-28,59.6,62.48,57.7,61.33,102661600
,MRK,2002-01-31,59.15,59.88,56.71,59.18,137696200
,MRK,2001-12-31,68.5,68.57,56.8,58.8,176851900
,MRK,2001-11-30,63.81,68.13,63.42,67.75,100663000
,MRK,2001-10-31,66.85,70.6,63.8,63.81,110665200
,MRK,2001-09-28,65.2,69.24,60.85,66.6,117869500
,MRK,2001-08-31,67.51,71.5,64.76,65.1,99197800
,MRK,2001-07-31,64.05,69.0,60.35,67.98,137594500
,MRK,2001-06-29,72.0,75.85,63.65,63.91,122140200
,MRK,2001-05-31,75.15,79.16,71.76,72.99,100152000
,MRK,2001-04-30,75.4,80.85,72.0,75.97,112501100
,MRK,2001-03-30,80.5,81.03,66.0,75.9,131672500
,MRK,2001-02-28,82.75,85.55,76.4,80.2,98160000
,MRK,2001-01-31,93.38,95.25,78.56,82.18,145525200
,MRK,2000-12-29,91.5,95.94,88.13,93.63,118397100
,MRK,2000-11-30,90.0,96.69,86.31,92.69,146738900
,MRK,2000-10-31,74.31,90.0,72.88,89.94,143477900
,MRK,2000-09-29,69.06,74.88,65.0,74.44,84915800
,MRK,2000-08-31,71.13,75.44,69.88,69.89,79607700
,MRK,2000-07-31,76.06,77.38,63.0,71.66,123607200
,MRK,2000-06-30,74.06,76.73,68.69,76.63,97918300
,MRK,2000-05-31,69.5,75.38,66.75,74.31,94935900
,MRK,2000-04-28,62.38,72.81,61.88,69.5,120776200
,MRK,2000-03-31,61.5,65.94,52.0,62.13,186338800
,MRK,2000-02-29,77.38,78.38,59.19,61.56,133126800
,MRK,2000-01-31,68.63,79.0,64.75,78.63,127423900
,MRK,1999-12-31,77.75,78.13,66.06,67.19,110562800
,OGN,2023-10-16,17.23,17.69,15.96,16.86,34595833
,OGN,2023-09-29,22.15,22.34,16.425,17.36,63290835
,OGN,2023-08-31,22.04,24.08,21.28,21.96,43969092
,OGN,2023-07-31,20.74,22.48,19.76,21.98,42997590
,OGN,2023-06-30,19.52,21.12,18.99,20.81,41041924
,OGN,2023-05-31,24.69,24.79,18.87,19.39,55502060
,OGN,2023-04-28,23.63,24.665,22.85,24.63,26959836
,OGN,2023-03-31,24.5,24.99,20.96,23.52,51429751
,OGN,2023-02-28,30.0,30.5,24.11,24.49,43105550
,OGN,2023-01-31,27.9,32.43,27.86,30.13,41327957
,OGN,2022-12-30,26.19,28.71,25.73,27.93,42851894
,OGN,2022-11-30,26.45,27.51,23.34,26.02,43046423
,OGN,2022-10-31,23.66,26.53,22.88,26.18,41962536
,OGN,2022-09-30,28.46,30.27,23.33,23.4,39137915
,OGN,2022-08-31,31.56,33.05,28.32,28.53,36577127
,OGN,2022-07-29,33.92,34.29,31.06,31.72,28612157
,OGN,2022-06-30,38.08,38.31,32.42,33.75,29463421
,OGN,2022-05-31,32.5,39.09,31.635,37.96,36129159
,OGN,2022-04-29,35.22,36.62,31.485,32.33,31023098
,OGN,2022-03-31,37.27,39.475,31.57,34.93,60310057
,OGN,2022-02-28,32.18,37.79,32.01,37.33,41723342
,OGN,2022-01-31,30.57,33.34,28.942,31.91,39660606
,OGN,2021-12-31,29.57,30.97,28.5,30.45,46423930
,OGN,2021-11-30,36.7,37.37,29.05,29.23,51614518
,OGN,2021-10-29,32.88,37.34,31.92,36.75,30704206
,OGN,2021-09-30,34.45,35.75,32.59,32.79,38812162
,OGN,2021-08-31,29.08,36.49,28.5,33.89,55606237
,OGN,2021-07-30,30.11,31.24,28.42,29.01,42855092
,OGN,2021-06-30,36.5,38.24,27.25,30.26,161909592
,PFE,2023-10-16,32.95,34.11,32.015,33.27,322778635
,PFE,2023-09-29,35.64,36.29,31.7744,33.17,554713036
,PFE,2023-08-31,35.88,37.186,34.655,35.38,537148824
,PFE,2023-07-31,36.5,37.8,35.35,36.06,441688340
,PFE,2023-06-30,38.12,40.365,35.76,36.68,562663274
,PFE,2023-05-31,39.0,40.14,36.17,38.02,675659324
,PFE,2023-04-28,40.69,42.22,38.31,38.89,387231095
,PFE,2023-03-31,40.56,41.26,39.23,40.8,504077909
,PFE,2023-02-28,43.905,44.46,40.09,40.57,403993454
,PFE,2023-01-31,51.01,51.6,42.7,44.16,522768993
,PFE,2022-12-30,50.31,54.93,49.18,51.24,423161996
,PFE,2022-11-30,48.0,50.13,46.16,50.13,419224887
,PFE,2022-10-31,44.07,47.52,41.445,46.55,466833316
,PFE,2022-09-30,45.14,48.35,43.52,43.76,376258849
,PFE,2022-08-31,50.32,51.47,45.13,45.23,411876520
,PFE,2022-07-29,52.04,53.92,49.1,50.51,340232266
,PFE,2022-06-30,53.25,54.56,46.28,52.43,449240387
,PFE,2022-05-31,47.68,54.92,47.46,53.04,583021924
,PFE,2022-04-29,52.12,56.32,47.12,49.07,482012213
,PFE,2022-03-31,46.69,55.3,45.44,51.77,714463800
,PFE,2022-02-28,52.74,54.13,45.4,46.94,634315592
,PFE,2022-01-31,58.5,58.55,49.815,52.69,774270816
,PFE,2021-12-31,52.47,61.71,50.4,59.05,1063902734
,PFE,2021-11-30,44.14,55.7,43.05,53.73,1006946014
,PFE,2021-10-29,42.52,43.83,40.94,43.74,471555720
,PFE,2021-09-30,46.19,47.5,42.43,43.01,544786676
,PFE,2021-08-31,43.3,51.86,43.25,46.07,1008227290
,PFE,2021-07-30,39.17,43.74,38.93,42.81,525467995
,PFE,2021-06-30,38.94,40.72,38.475,39.16,485271176
,PFE,2021-05-28,39.04,41.09,37.96,38.73,592998935
,PFE,2021-04-30,36.3,39.67,35.76,38.65,558693730
,PFE,2021-03-31,33.59,36.74,33.44,36.23,675618323
,PFE,2021-02-26,35.93,36.19,33.36,33.49,663330294
,PFE,2021-01-29,36.87,37.83,35.62,35.9,689009947
,PFE,2020-12-31,39.4,43.0797,36.29,36.81,1163010880
,PFE,2020-11-30,35.93,41.99,35.54,38.31,1056869926
,PFE,2020-10-30,36.91,38.8479,34.6,35.48,526813927
,PFE,2020-09-30,37.79,37.82,35.375,36.7,484173720
,PFE,2020-08-31,38.61,39.1,37.4,37.79,446198750
,PFE,2020-07-31,34.54,39.45,33.1,38.48,781155683
,PFE,2020-06-30,35.5,36.66,31.61,32.7,768806034
,PFE,2020-05-29,37.85,39.01,36.59,38.19,450136112
,PFE,2020-04-30,31.92,39.22,31.53,38.36,505881905
,PFE,2020-03-31,33.91,36.46,27.88,32.64,967076272
,PFE,2020-02-28,37.46,38.57,32.53,33.42,556735271
,PFE,2020-01-31,39.3,40.97,36.69,37.24,504528881
,PFE,2019-12-31,38.79,39.62,37.79,39.18,367113669
,PFE,2019-11-29,38.69,38.94,36.3,38.52,423538118
,PFE,2019-10-31,35.93,38.82,34.6,38.37,386977467
,PFE,2019-09-30,35.61,37.76,35.51,35.93,421877796
,PFE,2019-08-30,38.31,38.62,33.97,35.55,607585953
,PFE,2019-07-31,43.51,44.56,38.51,38.84,560640386
,PFE,2019-06-28,41.63,44.29,41.57,43.32,437561440
,PFE,2019-05-31,40.59,42.48,39.87,41.52,524540458
,PFE,2019-04-30,42.58,43.28,38.42,40.61,461323305
,PFE,2019-03-29,43.61,43.79,40.34,42.47,525812964
,PFE,2019-02-28,42.87,43.78,41.21,43.35,427805576
,PFE,2019-01-31,43.12,43.7,39.47,42.45,599583699
,PFE,2018-12-31,46.37,46.47,40.42,43.65,536813715
,PFE,2018-11-30,43.2,46.26,42.35,46.23,481866439
,PFE,2018-10-31,44.03,45.81,41.66,43.06,573683296
,PFE,2018-09-28,41.48,44.46,41.22,44.07,350654034
,PFE,2018-08-31,39.63,42.77,39.49,41.52,474885890
,PFE,2018-07-31,36.0,39.99,36.0,39.93,401469004
,PFE,2018-06-29,36.26,36.8,35.73,36.28,434975835
,PFE,2018-05-31,35.58,36.25,34.37,35.93,485553527
,PFE,2018-04-30,35.42,37.27,34.76,36.61,422756960
,PFE,2018-03-29,36.12,37.04,34.32,35.49,469011855
,PFE,2018-02-28,36.61,37.4,33.2,36.31,549124278
,PFE,2018-01-31,36.38,39.43,36.23,37.04,472625424
,PFE,2017-12-29,36.29,37.35,35.15,36.22,308241020
,PFE,2017-11-30,35.01,36.48,34.795,36.26,276217129
,PFE,2017-10-31,35.67,36.78,34.105,35.06,334498467
,PFE,2017-09-29,33.94,36.21,33.75,35.7,380507501
,PFE,2017-08-31,33.04,34.02,32.32,33.92,381577008
,PFE,2017-07-31,33.48,33.97,32.69,33.16,299282196
,PFE,2017-06-30,32.67,34.48,31.67,33.59,458784885
,PFE,2017-05-31,33.89,33.99,31.97,32.65,514128367
,PFE,2017-04-28,34.11,34.52,33.47,33.92,352290570
,PFE,2017-03-31,34.27,34.75,33.72,34.21,515453201
,PFE,2017-02-28,31.51,34.46,31.26,34.12,519058232
,PFE,2017-01-31,32.7,33.7,30.9,31.73,526154205
,PFE,2016-12-30,32.25,33.3,30.51,32.48,506842275
,PFE,2016-11-30,30.94,33.83,29.83,32.14,740932533
,PFE,2016-10-31,33.73,34.0,31.61,31.71,397078931
,PFE,2016-09-30,34.73,34.99,33.3,33.87,398274422
,PFE,2016-08-31,37.02,37.39,34.61,34.8,479699908
,PFE,2016-07-29,35.15,37.19,35.115,36.89,350915553
,PFE,2016-06-30,34.65,35.5,33.53,35.21,575331995
,PFE,2016-05-31,32.56,34.75,32.5,34.7,611629789
,PFE,2016-04-29,29.44,33.5,29.41,32.71,1184597998
,PFE,2016-03-31,29.79,30.61,28.74,29.64,1043784032
,PFE,2016-02-29,30.34,30.9,28.25,29.67,850615762
,PFE,2016-01-29,31.85,32.245,29.585,30.49,702989547
,PFE,2015-12-31,33.0,33.83,31.84,32.28,740103516
,PFE,2015-11-30,34.17,35.25,30.99,32.77,849852056
,PFE,2015-10-30,31.3,36.07,31.1,33.82,680701462
,PFE,2015-09-30,31.42,33.96,30.64,31.41,579627512
,PFE,2015-08-31,36.29,36.3,28.47,32.22,546129099
,PFE,2015-07-31,33.56,36.46,33.08,36.06,497474680
,PFE,2015-06-30,34.77,34.92,33.33,33.53,507603872
,PFE,2015-05-29,33.86,34.99,33.21,34.75,437846068
,PFE,2015-04-30,34.84,35.53,33.71,33.93,556362154
,PFE,2015-03-31,34.06,35.45,33.63,34.79,654740036
,PFE,2015-02-27,31.44,34.97,31.02,34.32,603015002
,PFE,2015-01-30,31.27,33.5,31.01,31.25,597219983
,PFE,2014-12-31,30.88,33.1154,30.58,31.15,533546695
,PFE,2014-11-28,29.9,31.64,29.76,31.15,404558023
,PFE,2014-10-31,29.37,30.2,27.51,29.95,677006607
,PFE,2014-09-30,29.21,30.84,29.01,29.57,471028126
,PFE,2014-08-29,28.7,29.6699,27.87,29.39,458318000
,PFE,2014-07-31,29.61,31.31,28.7,28.7,489220018
,PFE,2014-06-30,29.59,29.92,29.15,29.68,483905800
,PFE,2014-05-30,31.08,31.58,28.774,29.63,686948500
,PFE,2014-04-30,31.93,32.69,29.58,31.28,671875400
,PFE,2014-03-31,31.52,32.96,30.83,32.12,571300000
,PFE,2014-02-28,31.03,32.41,30.57,32.11,533056600
,PFE,2014-01-31,30.47,31.42,29.66,30.4,547269600
,PFE,2013-12-31,31.61,31.925,29.95,30.63,528149100
,PFE,2013-11-29,30.7,32.5,30.69,31.73,462250400
,PFE,2013-10-31,28.58,31.35,28.02,30.685,583213232
,PFE,2013-09-30,28.38,29.27,27.86,28.725,508214700
,PFE,2013-08-30,29.43,29.45,27.76,28.21,512823000
,PFE,2013-07-31,27.97,30.428,27.33,29.23,765847900
,PFE,2013-06-28,27.3,29.81,27.12,28.01,2211564500
,PFE,2013-05-31,28.83,30.04,27.23,27.23,903776400
,PFE,2013-04-30,28.75,31.15,28.64,29.07,777255500
,PFE,2013-03-28,27.18,28.9,27.15,28.86,585696000
,PFE,2013-02-28,27.58,27.8,26.79,27.37,550543400
,PFE,2013-01-31,25.53,27.84,25.33,27.28,783142300
,PFE,2012-12-31,25.04,25.79,24.63,25.0793,597201100
,PFE,2012-11-30,24.82,25.08,23.55,25.02,684861600
,PFE,2012-10-31,24.8,26.09,24.8,24.87,543592000
,PFE,2012-09-28,23.79,25.15,23.63,24.85,543635100
,PFE,2012-08-31,23.92,24.37,23.59,23.86,587670300
,PFE,2012-07-31,22.85,24.485,22.0,24.04,867011600
,PFE,2012-06-29,21.76,23.0,21.4,23.0,572525900
,PFE,2012-05-31,22.63,22.99,21.85,21.87,829761700
,PFE,2012-04-30,22.54,23.3,21.771,22.9,844240400
,PFE,2012-03-30,21.07,22.8,21.05,22.645,771001600
,PFE,2012-02-29,21.25,21.53,20.75,21.125,670496500
,PFE,2012-01-31,21.86,22.17,21.22,21.4,948313900
,PFE,2011-12-30,20.03,21.9,19.73,21.64,909964100
,PFE,2011-11-30,19.15,20.15,18.15,20.07,1057244200
,PFE,2011-10-31,17.69,19.95,17.05,19.26,899774000
,PFE,2011-09-30,18.91,19.15,17.3,17.68,1002598100
,PFE,2011-08-31,19.44,19.46,16.63,18.98,1502956500
,PFE,2011-07-29,20.5,20.95,19.05,19.249,853540100
,PFE,2011-06-30,21.34,21.45,20.03,20.6,916658558
,PFE,2011-05-31,21.14,21.45,20.07,21.45,948835400
,PFE,2011-04-29,20.35,21.06,19.1,20.97,924103700
,PFE,2011-03-31,19.35,20.57,18.97,20.31,1218679200
,PFE,2011-02-28,18.49,19.39,18.46,19.24,918303700
,PFE,2011-01-31,17.7,18.76,17.62,18.22,1114064700
,PFE,2010-12-31,16.49,17.7,16.42,17.51,854063500
,PFE,2010-11-30,17.63,17.84,16.25,16.3,875729500
,PFE,2010-10-29,17.25,17.9,16.86,17.415,930284000
,PFE,2010-09-30,16.13,17.5,16.07,17.17,902766700
,PFE,2010-08-31,15.16,16.6,15.1,15.91,1151292600
,PFE,2010-07-30,14.29,15.44,14.0,15.0,1031865200
,PFE,2010-06-30,15.16,15.6,14.17,14.26,1274977800
,PFE,2010-05-28,16.8,17.39,14.75,15.23,1684690000
,PFE,2010-04-30,17.21,17.33,16.33,16.72,1456510100
,PFE,2010-03-31,17.61,17.88,16.8,17.15,1423630600
,PFE,2010-02-26,18.79,19.33,17.43,17.55,1212918600
,PFE,2010-01-29,18.27,20.36,18.235,18.66,1014747000
,PFE,2009-12-31,18.54,18.99,17.63,18.19,937748100
,PFE,2009-11-30,17.05,18.9,16.72,18.17,949792900
,PFE,2009-10-30,16.5,18.43,16.07,17.03,1493897500
,PFE,2009-09-30,16.54,16.94,15.95,16.55,919217600
,PFE,2009-08-31,16.12,16.98,15.54,16.7,842613400
,PFE,2009-07-31,14.97,16.66,14.11,15.93,1158252500
,PFE,2009-06-30,15.36,15.45,13.94,15.0,1179872800
,PFE,2009-05-29,13.39,15.6,13.25,15.19,1132811000
,PFE,2009-04-30,13.59,14.27,12.75,13.36,1278181100
,PFE,2009-03-31,12.08,14.99,11.62,13.62,1637878100
,PFE,2009-02-27,14.63,15.38,12.28,12.31,1235414600
,PFE,2009-01-30,17.88,18.48,14.5,14.58,1312065400
,PFE,2008-12-31,16.18,17.97,15.2,17.71,988459900
,PFE,2008-11-28,17.85,18.45,14.26,16.43,1022153500
,PFE,2008-10-31,18.26,19.39,14.31,17.71,1828731700
,PFE,2008-09-30,19.3,19.59,17.16,18.44,1158576300
,PFE,2008-08-29,18.81,20.13,18.53,19.11,780970800
,PFE,2008-07-31,17.42,19.25,17.26,18.67,958352100
,PFE,2008-06-30,19.45,19.46,17.12,17.47,1259640100
,PFE,2008-05-30,20.17,20.65,19.16,19.36,884661100
,PFE,2008-04-30,20.99,21.6,19.79,20.11,960214200
,PFE,2008-03-31,22.203,22.44,20.19,20.93,821094300
,PFE,2008-02-29,23.49,23.79,22.03,22.28,779697000
,PFE,2008-01-31,22.81,24.24,21.56,23.36,1081325900
,PFE,2007-12-31,23.65,24.5,22.69,22.73,720239600
,PFE,2007-11-30,24.58,24.6,22.24,23.76,912250300
,PFE,2007-10-31,24.45,25.71,23.36,24.61,826364200
,PFE,2007-09-28,24.78,25.17,23.85,24.43,700223000
,PFE,2007-08-31,23.51,25.0,23.13,24.84,1024874400
,PFE,2007-07-31,25.7,26.15,23.5,23.51,933954300
,PFE,2007-06-29,27.61,27.73,25.31,25.57,879022500
,PFE,2007-05-31,26.375,27.63,26.28,27.49,753994500
,PFE,2007-04-30,25.28,27.24,25.23,26.46,743933500
,PFE,2007-03-30,24.92,25.96,24.55,25.26,744179400
,PFE,2007-02-28,26.39,27.0,24.94,24.96,601678700
,PFE,2007-01-31,26.15,27.41,25.78,26.24,720652600
,PFE,2006-12-29,27.58,27.86,23.5,25.9,1097185000
,PFE,2006-11-30,26.88,27.88,25.0,27.49,827357100
,PFE,2006-10-31,28.37,28.6,26.38,26.65,749233500
,PFE,2006-09-29,27.79,28.58,27.32,28.36,481907400
,PFE,2006-08-31,26.04,27.88,25.32,27.56,626921500
,PFE,2006-07-31,23.55,26.66,22.16,25.99,591081000
,PFE,2006-06-30,23.83,24.41,22.51,23.47,617436100
,PFE,2006-05-31,25.5,25.72,23.52,23.66,565346100
,PFE,2006-04-28,25.09,25.44,24.18,25.33,443093300
,PFE,2006-03-31,26.15,26.6,24.83,24.92,530702200
,PFE,2006-02-28,25.75,26.84,24.95,26.19,581436500
,PFE,2006-01-31,23.65,26.34,23.6,25.68,711994100
,PFE,2005-12-30,21.27,25.2,20.27,23.32,930716900
,PFE,2005-11-30,21.75,22.61,21.17,21.2,667652100
,PFE,2005-10-31,25.18,25.57,20.71,21.74,825402600
,PFE,2005-09-30,25.46,26.649,24.67,24.97,501401600
,PFE,2005-08-31,26.98,26.98,24.76,25.48,480736300
,PFE,2005-07-29,27.4,27.82,26.2,26.5,531834700
,PFE,2005-06-30,27.93,29.21,27.31,27.58,528916800
,PFE,2005-05-31,27.25,28.94,27.2,27.9,424199400
,PFE,2005-04-29,26.37,28.23,25.52,27.17,641730500
,PFE,2005-03-31,26.53,27.34,25.4,26.27,481615300
,PFE,2005-02-28,24.05,27.75,23.8,26.29,710816200
,PFE,2005-01-31,27.31,27.35,23.99,24.16,630795200
,PFE,2004-12-31,28.01,29.1,21.99,26.89,1240830800
,PFE,2004-11-30,28.95,30.5,26.55,27.77,737768800
,PFE,2004-10-29,31.05,31.5,27.25,28.95,608864200
,PFE,2004-09-30,32.55,33.05,29.58,30.6,446796700
,PFE,2004-08-31,31.77,32.73,30.99,32.67,294208200
,PFE,2004-07-30,34.21,34.46,31.2,31.96,358095200
,PFE,2004-06-30,35.15,36.3,33.82,34.28,325312200
,PFE,2004-05-28,35.89,37.0,34.22,35.34,274631700
,PFE,2004-04-30,35.7,37.9,35.15,35.76,386109500
,PFE,2004-03-31,37.139,37.97,33.5,35.05,427659900
,PFE,2004-02-27,36.89,38.89,36.6,36.65,347434300
,PFE,2004-01-30,35.43,36.87,34.49,36.63,387112700
,PFE,2003-12-31,34.08,35.39,33.852,35.33,345187700
,PFE,2003-11-28,31.65,34.5,31.02,33.57,388050600
,PFE,2003-10-31,30.36,31.62,29.5,31.6,414947900
,PFE,2003-09-30,30.15,32.37,29.903,30.38,413681100
,PFE,2003-08-29,33.13,33.305,29.43,29.92,439059500
,PFE,2003-07-31,34.0,34.98,32.02,33.36,380785200
,PFE,2003-06-30,31.44,36.92,31.0,34.15,496117700
,PFE,2003-05-30,30.86,33.75,30.4,31.02,475829800
,PFE,2003-04-30,31.271,33.74,26.95,30.75,445525900
,PFE,2003-03-31,30.02,32.55,28.34,31.16,381687600
,PFE,2003-02-28,31.2,31.2,27.9,29.82,322113200
,PFE,2003-01-31,30.74,32.13,29.01,30.36,378127500
,PFE,2002-12-31,32.0,32.05,29.41,30.57,349588800
,PFE,2002-11-29,31.75,34.0,31.29,31.53,333564600
,PFE,2002-10-31,29.75,33.6,28.25,31.77,409232100
,PFE,2002-09-30,32.03,32.9,27.0,29.02,365654800
,PFE,2002-08-30,32.29,35.01,29.45,33.08,342884200
,PFE,2002-07-31,35.0,35.23,25.13,32.35,711131100
,PFE,2002-06-28,34.83,37.04,32.64,35.0,331019600
,PFE,2002-05-31,36.7,37.85,34.31,34.6,279523500
,PFE,2002-04-30,40.25,40.4,35.87,36.35,352643200
,PFE,2002-03-28,41.17,41.9,39.5,39.74,250204500
,PFE,2002-02-28,42.15,42.25,39.53,40.96,190406600
,PFE,2002-01-31,39.85,42.46,39.1,41.67,255529900
,PFE,2001-12-31,43.9,43.94,38.32,39.85,290035700
,PFE,2001-11-30,42.0,44.04,41.44,43.31,207734900
,PFE,2001-10-31,40.23,43.25,40.15,41.9,287800300
,PFE,2001-09-28,38.45,40.2,34.0,40.1,267901500
,PFE,2001-08-31,41.22,41.88,38.05,38.31,229195700
,PFE,2001-07-31,40.4,42.23,37.19,41.22,269983600
,PFE,2001-06-29,42.5,45.0,40.05,40.05,228623400
,PFE,2001-05-31,43.3,45.04,41.42,42.89,244747700
,PFE,2001-04-30,40.75,43.96,38.5,43.3,295399200
,PFE,2001-03-30,44.98,44.98,34.1,40.95,360800700
,PFE,2001-02-28,45.15,46.71,43.55,45.0,234558200
,PFE,2001-01-31,45.56,46.75,40.5,45.15,341827600
,PFE,2000-12-29,44.13,48.06,41.75,46.0,279596700
,PFE,2000-11-30,43.75,46.44,41.0,44.31,249717600
,PFE,2000-10-31,44.38,46.0,41.0,43.19,268240300
,PFE,2000-09-29,43.75,45.38,39.38,44.92,232828900
,PFE,2000-08-31,43.63,46.69,41.75,43.14,211588400
,PFE,2000-07-31,47.81,49.25,42.75,43.38,259053900
,PFE,2000-06-30,45.69,48.13,42.25,48.0,249075300
,PFE,2000-05-31,42.25,46.38,41.31,44.5,211956300
,PFE,2000-04-28,37.0,44.25,36.75,42.13,266870100
,PFE,2000-03-31,32.13,37.0,30.0,36.56,286515800
,PFE,2000-02-29,35.56,37.94,31.63,32.13,194482800
,PFE,2000-01-31,32.06,37.63,30.0,36.19,238967700
,PFE,1999-12-31,36.13,36.5,32.19,32.44,256858000
,VTRS,2023-10-16,10.29,10.37,9.27,9.47,113735863
,VTRS,2023-09-29,10.84,10.91,9.46,9.86,185905068
,VTRS,2023-08-31,10.51,11.48,10.1339,10.75,180945378
,VTRS,2023-07-31,9.95,10.73,9.71,10.53,161884716
,VTRS,2023-06-30,9.15,10.32,8.99,9.98,206123275
,VTRS,2023-05-31,9.31,10.09,8.84,9.15,230834751
,VTRS,2023-04-28,9.685,10.03,8.99,9.33,161401691
,VTRS,2023-03-31,11.4,11.425,9.08,9.62,223245002
,VTRS,2023-02-28,12.06,12.3993,11.04,11.4,168065843
,VTRS,2023-01-31,11.19,12.195,11.19,12.16,191603987
,VTRS,2022-12-30,11.04,11.45,10.555,11.13,159212811
,VTRS,2022-11-30,10.19,11.84,9.525,11.03,235691463
,VTRS,2022-10-31,8.61,10.19,8.46,10.13,186963252
,VTRS,2022-09-30,9.54,10.2,8.42,8.52,220423348
,VTRS,2022-08-31,9.68,11.22,9.46,9.55,269214396
,VTRS,2022-07-29,10.45,10.74,9.445,9.69,235850573
,VTRS,2022-06-30,12.33,12.375,10.205,10.47,198755380
,VTRS,2022-05-31,10.35,12.35,9.76,12.27,299753289
,VTRS,2022-04-29,10.96,11.115,10.02,10.33,219903776
,VTRS,2022-03-31,11.16,11.3,9.66,10.88,411904305
,VTRS,2022-02-28,14.97,15.6,10.88,11.01,225983958
,VTRS,2022-01-31,13.6,15.34,13.52,14.97,194665549
,VTRS,2021-12-31,12.42,13.795,11.96,13.53,223479229
,VTRS,2021-11-30,13.37,14.87,12.23,12.31,236534290
,VTRS,2021-10-29,13.56,14.1,13.085,13.35,147287052
,VTRS,2021-09-30,14.62,15.19,13.2,13.55,174655059
,VTRS,2021-08-31,14.13,15.25,13.675,14.63,157926583
,VTRS,2021-07-30,14.38,14.82,13.24,14.07,129991248
,VTRS,2021-06-30,15.255,15.92,14.11,14.29,139905257
,VTRS,2021-05-28,13.26,16.29,13.19,15.24,228962250
,VTRS,2021-04-30,13.96,14.16,12.94,13.3,188178000
,VTRS,2021-03-31,15.049,15.3,13.31,13.97,258725320
,VTRS,2021-02-26,17.15,18.68,14.56,14.85,215796174
,VTRS,2021-01-29,18.66,18.77,16.61,16.99,223569475
,VTRS,2020-12-31,16.88,18.86,16.74,18.74,275993178
,ZTS,2023-10-16,173.2,177.55,169.19,175.18,15981567
,ZTS,2023-09-29,192.97,193.35,172.7901,173.98,31009784
,ZTS,2023-08-31,187.46,194.3653,177.25,190.51,40337170
,ZTS,2023-07-31,170.53,194.99,166.0,188.09,39788372
,ZTS,2023-06-30,162.9,174.675,161.61,172.21,42693509
,ZTS,2023-05-31,175.72,187.8199,158.65,163.01,50166611
,ZTS,2023-04-28,166.79,177.44,164.2,175.78,26868835
,ZTS,2023-03-31,165.96,171.975,159.39,166.44,45016313
,ZTS,2023-02-28,165.45,176.66,157.87,167.0,41340953
,ZTS,2023-01-31,148.66,169.57,141.52,165.49,48325134
,ZTS,2022-12-30,156.0,158.48,140.76,146.55,44243242
,ZTS,2022-11-30,151.4,154.91,124.1483,154.14,62047515
,ZTS,2022-10-31,149.28,155.63,141.87,150.78,39664930
,ZTS,2022-09-30,155.79,167.21,147.77,148.29,40872989
,ZTS,2022-08-31,181.0,182.12,156.21,156.53,33894166
,ZTS,2022-07-29,172.07,183.805,165.75,182.55,32507126
,ZTS,2022-06-30,170.87,175.21,154.18,171.89,39574144
,ZTS,2022-05-31,176.39,180.44,156.67,170.93,55024359
,ZTS,2022-04-29,188.77,201.32,176.44,177.25,42408081
,ZTS,2022-03-31,193.91,197.375,181.16,188.59,48794107
,ZTS,2022-02-28,200.99,205.305,183.02,193.65,49059136
,ZTS,2022-01-31,242.29,243.24,185.72,199.79,60483856
,ZTS,2021-12-31,222.35,249.27,219.25,244.03,30438159
,ZTS,2021-11-30,215.82,228.89,208.78,222.04,33454725
,ZTS,2021-10-29,194.14,216.915,190.93,216.2,28135054
,ZTS,2021-09-30,204.56,210.1,191.33,194.14,31838084
,ZTS,2021-08-31,203.48,208.56,195.61,204.56,27647171
,ZTS,2021-07-30,187.0,205.67,186.61,202.7,38902091
,ZTS,2021-06-30,177.36,188.53,171.88,186.36,35743111
,ZTS,2021-05-28,174.7,178.71,165.22,176.68,36940021
,ZTS,2021-04-30,157.71,174.85,155.41,173.03,37304339
,ZTS,2021-03-31,156.11,160.38,141.41,157.48,53748275
,ZTS,2021-02-26,156.2,170.07,154.25,155.24,39430270
,ZTS,2021-01-29,166.0,170.49,152.3,154.25,34339428
,ZTS,2020-12-31,161.64,165.675,156.44,165.5,34223026
,ZTS,2020-11-30,161.31,176.64,159.245,160.38,38538379
,ZTS,2020-10-30,166.23,168.96,156.25,158.55,36486109
,ZTS,2020-09-30,160.71,166.79,152.5028,165.37,32363345
,ZTS,2020-08-31,152.19,163.98,151.73,160.1,31648817
,ZTS,2020-07-31,137.29,151.91,135.34,151.68,30283141
,ZTS,2020-06-30,138.65,143.21,130.41,137.04,38002246
,ZTS,2020-05-29,127.44,140.24,121.5,139.39,46159633
,ZTS,2020-04-30,113.93,131.54,110.75,129.31,53012112
,ZTS,2020-03-31,133.84,143.7,90.14,117.69,87218082
,ZTS,2020-02-28,134.73,146.26,127.0,133.23,42834659
,ZTS,2020-01-31,132.05,143.33,131.48,134.21,41117978
,ZTS,2019-12-31,120.87,133.66,118.0,132.35,40192561
,ZTS,2019-11-29,128.78,129.18,114.96,120.52,50980064
,ZTS,2019-10-31,124.99,130.2,121.04,127.92,42239858
,ZTS,2019-09-30,126.13,130.08,119.52,124.59,42499438
,ZTS,2019-08-30,114.9,128.41,111.87,126.42,43756914
,ZTS,2019-07-31,114.33,116.69,112.43,114.89,35711610
,ZTS,2019-06-28,101.54,116.47,101.54,113.49,47275193
,ZTS,2019-05-31,102.12,104.41,100.04,101.05,38701844
,ZTS,2019-04-30,102.41,103.39,96.89,101.84,44093227
,ZTS,2019-03-29,94.99,100.94,91.21,100.67,46719141
,ZTS,2019-02-28,86.55,95.55,85.39,94.23,46517140
,ZTS,2019-01-31,84.51,87.25,81.37,86.16,53756089
,ZTS,2018-12-31,94.64,94.67,78.9,85.54,43965700
,ZTS,2018-11-30,93.77,96.57,87.9,93.87,50990572
,ZTS,2018-10-31,92.03,94.31,86.4,90.15,54405312
,ZTS,2018-09-28,90.81,91.79,87.93,91.56,39202545
,ZTS,2018-08-31,86.05,93.67,85.0,90.6,51381530
,ZTS,2018-07-31,84.78,87.71,83.25,86.48,50766331
,ZTS,2018-06-29,84.32,89.25,83.34,85.19,60849965
,ZTS,2018-05-31,83.46,85.64,77.0,83.7,56750237
,ZTS,2018-04-30,83.17,86.38,80.06,83.48,44270049
,ZTS,2018-03-29,80.86,85.73,79.83,83.51,54050638
,ZTS,2018-02-28,76.84,83.46,70.2,80.86,59068962
,ZTS,2018-01-31,72.54,80.13,71.34,76.73,56865565
,ZTS,2017-12-29,72.22,73.58,70.48,72.04,34558062
,ZTS,2017-11-30,64.2,72.71,64.02,72.29,52774501
,ZTS,2017-10-31,63.84,66.345,63.03,63.82,45067399
,ZTS,2017-09-29,62.75,65.83,62.43,63.76,40421823
,ZTS,2017-08-31,62.6,62.85,59.5,62.7,51438728
,ZTS,2017-07-31,62.4,63.53,60.8,62.52,43191307
,ZTS,2017-06-30,62.45,63.845,60.92,62.38,55515245
,ZTS,2017-05-31,56.14,63.11,55.48,62.28,74638435
,ZTS,2017-04-28,53.35,56.65,52.25,56.11,52928749
,ZTS,2017-03-31,53.73,54.82,52.64,53.37,64827748
,ZTS,2017-02-28,54.93,56.5035,52.0,53.31,89417131
,ZTS,2017-01-31,53.88,54.97,52.71,54.94,57395445
,ZTS,2016-12-30,50.41,54.15,48.545,53.53,59818434
,ZTS,2016-11-30,47.61,52.19,46.86,50.38,91536375
,ZTS,2016-10-31,51.76,53.14,47.76,47.8,64109992
,ZTS,2016-09-30,51.15,52.17,50.07,52.01,74984818
,ZTS,2016-08-31,50.47,52.64,49.29,51.1,81313305
,ZTS,2016-07-29,47.5,50.58,46.835,50.47,49969129
,ZTS,2016-06-30,47.49,48.68,45.28,47.46,68563055
,ZTS,2016-05-31,47.2,48.37,45.56,47.42,89359677
,ZTS,2016-04-29,44.02,49.1,43.9711,47.03,79621923
,ZTS,2016-03-31,41.49,44.545,39.35,44.33,108768589
,ZTS,2016-02-29,43.0,43.39,38.26,41.06,94750549
,ZTS,2016-01-29,46.94,48.35,42.41,43.05,84613687
,ZTS,2015-12-31,46.81,48.645,44.94,47.92,55314713
,ZTS,2015-11-30,43.54,47.569,43.165,46.7,72533170
,ZTS,2015-10-30,41.07,44.14,39.53,43.01,93822113
,ZTS,2015-09-30,43.95,46.629,38.98,41.18,83112571
,ZTS,2015-08-31,49.16,50.25,37.73,44.87,71378402
,ZTS,2015-07-31,48.75,50.39,46.28,48.98,72053542
,ZTS,2015-06-30,49.92,55.38,47.04,48.22,78809316
,ZTS,2015-05-29,44.73,49.96,44.39,49.77,74675249
,ZTS,2015-04-30,46.3,47.99,44.31,44.42,60058597
,ZTS,2015-03-31,46.55,47.92,45.48,46.29,67842806
,ZTS,2015-02-27,43.03,47.4,42.37,46.09,82008581
,ZTS,2015-01-30,43.46,44.87,42.29,42.73,57976423
,ZTS,2014-12-31,45.2,45.24,40.83,43.03,84186622
,ZTS,2014-11-28,37.08,45.09,37.024,44.93,145240908
,ZTS,2014-10-31,36.87,37.97,34.1612,37.088,87029352
,ZTS,2014-09-30,35.44,37.31,35.32,36.95,59720899
,ZTS,2014-08-29,32.77,35.48,31.67,35.44,66864500
,ZTS,2014-07-31,32.46,33.25,32.02,32.91,45959900
,ZTS,2014-06-30,30.8,33.05,30.65,32.27,66722200
,ZTS,2014-05-30,30.31,31.39,29.56,30.7,73478300
,ZTS,2014-04-30,28.97,30.67,28.135,30.26,84520700
,ZTS,2014-03-31,30.88,31.3,28.66,28.94,98620900
,ZTS,2014-02-28,30.4,31.53,28.77,31.02,125099400
,ZTS,2014-01-31,32.53,32.73,30.07,30.36,76680200
,ZTS,2013-12-31,31.31,32.84,30.76,32.69,65703300
,ZTS,2013-11-29,31.77,32.18,30.86,31.15,78081000
,ZTS,2013-10-31,31.12,33.34,31.01,31.66,80118000
,ZTS,2013-09-30,29.46,32.9,29.19,31.12,83628200
,ZTS,2013-08-30,29.97,32.5,28.81,29.15,112794600
,ZTS,2013-07-31,31.02,31.65,28.97,29.81,157249700
,ZTS,2013-06-28,32.01,32.99,29.4,30.89,292403400
,ZTS,2013-05-31,32.97,34.28,31.75,32.0,72809400
,ZTS,2013-04-30,33.42,34.74,30.42,33.02,42045100
,ZTS,2013-03-28,33.36,35.42,32.0,33.4,37343800
